# Blender 3.6.5
# www.blender.org
mtllib concrete_barrier.mtl
g Cube.004_Mesh
v 2.525135 0.236745 -0.875748
v 2.525469 0.236412 -0.875748
v 2.525469 0.236745 -0.875414
v 2.525233 0.236510 -0.875748
v 2.525276 0.236553 -0.875555
v 2.525469 0.236510 -0.875512
v 2.525233 0.236745 -0.875512
v 2.525135 0.292347 -0.875414
v 2.525469 0.292681 -0.875414
v 2.525233 0.292583 -0.875414
v 2.525469 0.236412 -0.883487
v 2.525135 0.236745 -0.883487
v 2.525469 0.236745 -0.883821
v 2.525233 0.236510 -0.883487
v 2.525276 0.236553 -0.883680
v 2.525233 0.236745 -0.883723
v 2.525469 0.236510 -0.883723
v 2.525135 0.292347 -0.883487
v 2.525469 0.292681 -0.883487
v 2.525469 0.292347 -0.883821
v 2.525233 0.292583 -0.883487
v 2.525276 0.292540 -0.883680
v 2.525469 0.292583 -0.883723
v 2.525233 0.292347 -0.883723
v 2.557272 0.236412 -0.875748
v 2.557606 0.236745 -0.875748
v 2.557272 0.236745 -0.875414
v 2.557508 0.236510 -0.875748
v 2.557465 0.236553 -0.875555
v 2.557508 0.236745 -0.875512
v 2.557272 0.236510 -0.875512
v 2.557272 0.292681 -0.875414
v 2.557606 0.292347 -0.875414
v 2.557508 0.292583 -0.875414
v 2.557272 0.236412 -0.883487
v 2.557272 0.236745 -0.883821
v 2.557606 0.236745 -0.883487
v 2.557272 0.236510 -0.883723
v 2.557465 0.236553 -0.883680
v 2.557508 0.236745 -0.883723
v 2.557508 0.236510 -0.883487
v 2.557272 0.292347 -0.883821
v 2.557272 0.292681 -0.883487
v 2.557606 0.292347 -0.883487
v 2.557272 0.292583 -0.883723
v 2.557465 0.292540 -0.883680
v 2.557508 0.292583 -0.883487
v 2.557508 0.292347 -0.883723
v 2.525469 0.285948 -0.875414
v 2.525469 0.286281 -0.875081
v 2.525135 0.286614 -0.875748
v 2.525469 0.286183 -0.875317
v 2.525276 0.286281 -0.875414
v 2.525233 0.286378 -0.875414
v 2.525233 0.286281 -0.875512
v 2.525135 0.286281 -0.883487
v 2.525469 0.286281 -0.883821
v 2.525233 0.286281 -0.883723
v 2.557272 0.286281 -0.883821
v 2.557606 0.286281 -0.883487
v 2.557508 0.286281 -0.883723
v 2.557606 0.286614 -0.875748
v 2.557272 0.286281 -0.875081
v 2.557272 0.285948 -0.875414
v 2.557508 0.286378 -0.875414
v 2.557465 0.286281 -0.875414
v 2.557272 0.286183 -0.875317
v 2.557508 0.286281 -0.875512
v 2.525135 0.286614 -0.852704
v 2.525469 0.286281 -0.852704
v 2.524748 0.286037 -0.852335
v 2.525233 0.286378 -0.852704
v 2.525116 0.286303 -0.852505
v 2.525069 0.286209 -0.852457
v 2.525022 0.286343 -0.852458
v 2.524748 0.292924 -0.852335
v 2.525469 0.292681 -0.852704
v 2.525135 0.292347 -0.852704
v 2.525069 0.292752 -0.852457
v 2.525116 0.292658 -0.852505
v 2.525233 0.292583 -0.852704
v 2.525022 0.292618 -0.852458
v 2.557992 0.292924 -0.852335
v 2.557606 0.292347 -0.852704
v 2.557272 0.292681 -0.852704
v 2.557719 0.292618 -0.852458
v 2.557625 0.292658 -0.852505
v 2.557508 0.292583 -0.852704
v 2.557672 0.292752 -0.852457
v 2.557992 0.286037 -0.852335
v 2.557272 0.286281 -0.852704
v 2.557606 0.286614 -0.852704
v 2.557672 0.286209 -0.852457
v 2.557625 0.286303 -0.852505
v 2.557508 0.286378 -0.852704
v 2.557719 0.286343 -0.852458
v 2.512102 0.278083 -0.851183
v 2.512048 0.278173 -0.851147
v 2.512031 0.278158 -0.851158
v 2.512048 0.300788 -0.851147
v 2.512102 0.300878 -0.851183
v 2.512031 0.300803 -0.851158
v 2.570693 0.300788 -0.851147
v 2.570639 0.300878 -0.851183
v 2.570710 0.300803 -0.851158
v 2.570693 0.278173 -0.851147
v 2.570639 0.278083 -0.851183
v 2.570710 0.278158 -0.851158
vn 0.0278 0.9498 -0.3118
vn 0.0030 1.0000 -0.0000
vn 0.0027 0.9999 -0.0115
vn 0.9685 -0.1792 -0.1728
vn 0.9999 -0.0017 0.0120
vn 0.9999 -0.0017 -0.0119
vn 0.9988 0.0240 -0.0424
vn 0.9997 -0.0193 -0.0121
vn 0.9913 -0.0979 0.0882
vn -0.0671 -0.1852 -0.9804
vn -0.0313 0.0967 -0.9948
vn -0.0286 0.1000 -0.9946
vn -0.0248 -0.2684 0.9630
vn -0.0020 -0.0009 1.0000
vn 0.0025 -0.0014 1.0000
vn -0.0397 0.9928 0.1127
vn -0.0002 1.0000 0.0035
vn -0.9714 0.1601 0.1751
vn -0.9997 -0.0197 -0.0119
vn -0.9999 0.0144 -0.0032
vn 0.9881 -0.0545 -0.1439
vn -0.0367 -0.0155 -0.9992
vn 0.0030 -0.0000 -1.0000
vn -0.0046 -0.0000 -1.0000
vn -0.0259 -0.9491 -0.3138
vn -0.0024 -0.9999 0.0116
vn -0.0028 -0.9999 -0.0120
vn 0.0983 -0.0586 0.9934
vn 0.0029 0.0033 1.0000
vn -0.0015 0.0015 1.0000
vn -0.9923 -0.1115 0.0547
vn -0.9998 0.0150 -0.0111
vn -0.9999 -0.0000 -0.0163
vn 0.2102 -0.9678 -0.1385
vn 0.0030 -1.0000 0.0072
vn 0.0042 -1.0000 -0.0003
vn 0.0023 -0.0012 -1.0000
vn -0.0028 -0.0017 -1.0000
vn 0.0313 -0.0967 -0.9948
vn 0.4066 -0.5089 0.7588
vn 0.0247 0.1121 -0.9934
vn 0.0130 0.0551 -0.9984
vn 0.1172 -0.1865 -0.9754
vn -0.9853 -0.1576 -0.0655
vn -0.5773 -0.5774 0.5774
vn -0.7067 0.0214 0.7072
vn -0.8054 -0.5768 0.1361
vn -0.1356 -0.8092 0.5717
vn -0.5773 -0.5774 -0.5774
vn 0.0207 -0.7057 -0.7082
vn -0.9829 0.0665 -0.1719
vn -0.5768 -0.8054 -0.1362
vn -0.8097 -0.1355 -0.5710
vn -0.5774 0.5773 -0.5774
vn -0.7059 -0.0106 -0.7082
vn -0.8068 0.5750 -0.1359
vn -0.1356 0.8092 -0.5716
vn 0.1724 -0.8940 0.4136
vn 0.5773 -0.5774 0.5774
vn -0.0207 -0.7057 0.7082
vn 0.5768 -0.8054 0.1362
vn 0.8096 -0.1369 0.5708
vn 0.5773 -0.5774 -0.5774
vn 0.7082 -0.7059 0.0142
vn 0.1356 -0.8092 -0.5717
vn 0.5692 -0.1354 -0.8110
vn 0.4119 0.1575 -0.8975
vn 0.5774 0.5773 -0.5774
vn 0.7082 -0.0106 -0.7059
vn 0.1356 0.5717 -0.8092
vn 0.5766 0.8056 -0.1361
vn -0.3673 -0.3861 0.8462
vn -0.7786 -0.4437 0.4437
vn -0.7412 -0.0427 0.6699
vn -0.3537 -0.8860 0.2998
vn -0.9906 -0.1362 0.0086
vn 0.8559 -0.4977 -0.1405
vn 0.7432 -0.0366 0.6680
vn 0.7786 -0.4437 0.4437
vn 0.3536 -0.2998 0.8861
vn -0.5394 -0.3310 -0.7743
vn -0.6717 -0.0212 -0.7405
vn -0.3267 -0.8580 -0.3965
vn -0.0794 0.0894 -0.9928
vn 0.2847 0.5672 -0.7728
vn -0.6662 0.0229 -0.7455
vn -0.3652 0.8844 -0.2906
vn -0.5394 0.3310 -0.7743
vn -0.8842 0.3752 -0.2783
vn 0.5374 -0.0770 -0.8398
vn 0.0137 0.8161 -0.5777
vn 0.8301 0.4032 -0.3851
vn 0.5394 0.3310 -0.7743
vn 0.3265 0.8568 -0.3991
vn -0.2847 -0.5672 -0.7728
vn 0.6707 -0.0190 -0.7415
vn 0.3652 -0.8844 -0.2905
vn 0.5394 -0.3310 -0.7743
vn 0.8836 -0.3746 -0.2810
vn -0.7071 0.7071 -0.0000
vn -0.7071 -0.0000 -0.7071
vn 0.7071 -0.0000 -0.7071
vn 0.7071 0.7071 -0.0000
vn -0.1785 0.4499 0.8751
vn -0.1449 -0.4360 0.8882
vn 0.1645 0.4444 0.8806
vn 0.1648 -0.4434 0.8810
vn -0.0002 0.0005 1.0000
vt 0.217396 0.741397
vt 0.782604 0.597923
vt 0.782604 0.741397
vt 0.741397 0.649295
vt 0.603847 -0.231047
vt 0.741397 -0.231047
vt 0.597923 0.757105
vt -0.097836 0.655219
vt 0.608135 0.655219
vt -0.108048 0.649295
vt -0.108048 0.763029
vt 0.782604 0.643371
vt 0.217396 -0.231047
vt 0.782604 -0.231047
vt 0.217396 0.597923
vt 0.782604 -0.097836
vt 0.782604 0.597923
vt -0.097836 0.757105
vt 0.741397 0.757105
vt 0.603847 0.655219
vt 0.217396 0.757105
vt 0.782604 0.649295
vt 0.217396 0.649295
vt 0.217396 0.603847
vt 0.785285 0.761400
vt 0.214715 0.650923
vt 0.785285 0.650923
vt 0.741397 0.757105
vt 0.782604 0.587711
vt 0.217396 -0.097836
vt 0.217396 0.587711
vt 0.217396 0.649295
vt 0.217396 -0.231047
vt 0.211472 -0.108048
vt 0.788528 -0.108048
vt 0.788528 -0.108048
vt 0.600427 -0.236971
vt 0.597923 -0.231047
vt 0.213975 0.597923
vt 0.211472 0.603847
vt 0.211472 -0.234468
vt 0.217396 -0.236971
vt 0.211472 0.744817
vt 0.217396 0.747321
vt 0.741397 -0.231047
vt 0.747321 -0.234468
vt 0.741397 -0.236971
vt 0.213975 -0.236971
vt 0.211472 -0.231047
vt 0.744817 0.763029
vt 0.747321 0.757105
vt 0.213975 0.747321
vt 0.211472 0.741397
vt 0.211472 0.760525
vt 0.217396 0.763029
vt 0.782604 0.603847
vt 0.788528 0.600427
vt 0.597923 -0.234468
vt 0.603847 -0.236971
vt 0.786025 -0.236971
vt 0.788528 -0.231047
vt 0.786025 0.747321
vt 0.788528 0.741397
vt 0.788528 -0.234468
vt 0.782604 -0.236971
vt 0.744817 -0.236971
vt 0.747321 -0.231047
vt 0.782604 0.757105
vt 0.786025 0.763029
vt 0.788528 0.757105
vt 0.788528 0.744817
vt 0.782604 0.747321
vt 0.747321 0.760525
vt 0.741397 0.763029
vt 0.217396 0.643371
vt 0.213975 0.649295
vt 0.211472 0.649295
vt 0.211472 0.597923
vt 0.597923 0.649295
vt 0.597923 0.649295
vt 0.786025 0.597923
vt 0.788528 0.597923
vt 0.788528 0.649295
vt -0.103914 0.649295
vt -0.108048 0.650401
vt 0.211472 -0.097836
vt 0.210821 -0.108048
vt 0.211472 -0.103914
vt -0.108048 0.762630
vt -0.097836 0.763029
vt -0.108048 0.761923
vt -0.103914 0.763029
vt -0.108048 0.761923
vt 0.788528 -0.097836
vt 0.789179 -0.108048
vt 0.788528 -0.103914
vt -0.108048 0.649694
vt -0.097836 0.649295
vt 0.603847 -0.236971
vt 0.217396 0.597923
vt 0.597923 0.763029
vt 0.747321 0.649295
vt 0.217396 -0.236971
vt 0.782604 0.763029
vt 0.782604 0.649295
vt 0.788528 0.603847
vt 0.741397 -0.236971
vt 0.782604 -0.236971
vt 0.211472 -0.231047
vt 0.211472 0.757105
vt 0.747321 0.757105
vt 0.211472 0.761472
vt 0.211472 0.650852
vt -0.108048 0.761472
vt -0.108048 0.650852
vt 0.785456 -0.108048
vt 0.214544 0.763029
vt 0.785456 0.763029
vt 0.788528 0.761472
vt -0.108048 0.650852
vt 0.785456 0.649295
vt 0.214544 -0.108048
vt 0.214715 0.761400
vt 0.741397 0.763029
vt 0.597923 -0.231047
vt 0.214544 -0.108048
vt 0.788528 0.650852
vt 0.214544 0.649295
s 1
g Cube.004_metal
usemtl metal
f 19/1/1 32/2/2 43/3/3
f 60/4/4 26/5/5 37/6/6
f 33/7/7 92/8/8 62/9/9
f 71/10/10 101/11/11 76/11/12
f 64/12/13 3/13/14 27/14/15
f 9/15/16 85/16/17 32/17/2
f 8/7/18 69/8/19 78/18/20
f 44/19/21 62/20/9 60/4/4
f 20/21/22 59/22/23 57/23/24
f 35/3/25 2/24/26 11/1/27
f 103/25/28 98/26/29 106/27/30
f 51/20/31 18/28/32 56/4/33
f 63/29/34 70/30/35 50/31/36
f 57/32/24 36/14/37 13/33/38
f 71/34/10 107/35/39 97/34/40
f 83/35/41 101/34/11 104/36/42
f 83/11/41 107/10/39 90/10/43
f 1/5/44 5/37/45 7/38/46
f 2/24/26 5/39/45 4/40/47
f 3/13/14 5/41/45 6/42/48
f 11/1/27 15/43/49 17/44/50
f 12/45/51 15/46/49 14/47/52
f 13/33/38 15/48/49 16/49/53
f 18/28/32 22/50/54 24/51/55
f 19/1/1 22/52/54 21/53/56
f 20/21/22 22/54/54 23/55/57
f 25/56/58 29/57/59 31/2/60
f 26/5/5 29/58/59 28/59/61
f 27/14/15 29/60/59 30/61/62
f 35/3/25 39/62/63 41/63/64
f 36/14/37 39/64/63 38/65/65
f 37/6/6 39/66/63 40/67/66
f 42/68/67 46/69/68 48/70/69
f 43/3/3 46/71/68 45/72/70
f 44/19/21 46/73/68 47/74/71
f 49/75/72 53/76/73 55/77/74
f 50/31/36 53/78/73 52/15/75
f 55/79/74 54/80/76 51/20/31
f 65/80/77 68/80/78 62/9/9
f 63/29/34 66/81/79 65/82/77
f 64/12/13 66/83/79 67/22/80
f 69/8/19 73/84/81 75/85/82
f 70/30/35 73/34/81 72/86/83
f 75/85/82 74/10/84 71/10/10
f 79/34/85 82/87/86 76/34/12
f 77/30/87 80/88/88 79/34/85
f 78/18/20 80/89/88 81/90/89
f 86/91/90 89/11/91 83/11/41
f 84/18/92 87/92/93 86/93/90
f 85/16/17 87/35/93 88/94/94
f 93/35/95 96/95/96 90/36/43
f 91/16/97 94/96/98 93/35/95
f 92/8/8 94/97/98 95/98/99
f 2/24/26 14/53/52 11/1/27
f 4/99/47 12/45/51 14/47/52
f 19/1/1 10/78/100 9/100/16
f 10/101/100 18/28/32 8/7/18
f 13/33/38 58/77/101 57/32/24
f 16/67/53 56/4/33 58/102/101
f 11/1/27 38/72/65 35/3/25
f 17/103/50 36/14/37 38/65/65
f 43/3/3 23/44/57 19/1/1
f 45/104/70 20/21/22 23/55/57
f 37/6/6 61/102/102 60/4/4
f 61/83/102 36/14/37 59/105/23
f 35/3/25 28/106/61 25/56/58
f 41/107/64 26/5/5 28/59/61
f 32/2/2 47/63/71 43/3/3
f 34/101/103 44/19/21 47/74/71
f 64/12/13 30/61/62 68/83/78
f 68/80/78 26/5/5 62/20/9
f 25/56/58 6/15/48 2/24/26
f 31/108/60 3/13/14 6/42/48
f 49/75/72 7/109/46 3/13/14
f 55/79/74 1/5/44 7/38/46
f 57/23/24 24/110/55 20/21/22
f 24/51/55 56/4/33 18/28/32
f 60/4/4 48/111/69 44/19/21
f 48/70/69 59/22/23 42/68/67
f 50/31/36 67/2/80 63/29/34
f 52/23/75 64/12/13 67/22/80
f 76/11/12 75/85/82 71/10/10
f 75/85/82 78/18/20 69/8/19
f 77/30/87 89/35/91 85/16/17
f 79/34/85 83/35/41 89/35/91
f 83/11/41 96/85/96 86/91/90
f 96/85/96 84/18/92 86/91/90
f 71/34/10 93/35/95 90/36/43
f 74/34/84 91/16/97 93/35/95
f 92/8/8 65/80/77 62/9/9
f 95/94/99 63/29/34 65/82/77
f 69/8/19 54/80/76 72/98/83
f 72/86/83 50/31/36 70/30/35
f 9/15/16 81/86/89 77/30/87
f 10/101/100 78/18/20 81/90/89
f 85/16/17 34/82/103 32/17/2
f 88/90/94 33/7/7 34/101/103
f 98/26/29 102/112/104 99/113/105
f 102/114/104 97/10/40 99/115/105
f 101/34/11 105/116/106 104/36/42
f 102/117/104 103/25/28 105/118/106
f 106/27/30 105/119/106 103/25/28
f 108/120/107 104/11/42 105/114/106
f 98/26/29 108/121/107 106/27/30
f 99/122/105 107/35/39 108/116/107
f 1/5/44 56/4/33 12/45/51
f 19/1/1 9/100/16 32/2/2
f 60/4/4 62/20/9 26/5/5
f 33/7/7 84/18/92 92/8/8
f 71/10/10 97/10/40 101/11/11
f 64/12/13 49/75/72 3/13/14
f 9/15/16 77/30/87 85/16/17
f 8/7/18 51/9/31 69/8/19
f 44/19/21 33/7/7 62/20/9
f 20/21/22 42/68/67 59/22/23
f 35/3/25 25/56/58 2/24/26
f 103/25/28 100/123/108 98/26/29
f 51/20/31 8/7/18 18/28/32
f 63/29/34 91/16/97 70/30/35
f 57/32/24 59/105/23 36/14/37
f 71/34/10 90/36/43 107/35/39
f 83/35/41 76/34/12 101/34/11
f 83/11/41 104/11/42 107/10/39
f 1/5/44 4/99/47 5/37/45
f 2/24/26 6/15/48 5/39/45
f 3/13/14 7/109/46 5/41/45
f 11/1/27 14/53/52 15/43/49
f 12/45/51 16/67/53 15/46/49
f 13/33/38 17/103/50 15/48/49
f 18/28/32 21/124/56 22/50/54
f 19/1/1 23/44/57 22/52/54
f 20/21/22 24/110/55 22/54/54
f 25/56/58 28/106/61 29/57/59
f 26/5/5 30/125/62 29/58/59
f 27/14/15 31/108/60 29/60/59
f 35/3/25 38/72/65 39/62/63
f 36/14/37 40/61/66 39/64/63
f 37/6/6 41/107/64 39/66/63
f 42/68/67 45/104/70 46/69/68
f 43/3/3 47/63/71 46/71/68
f 44/19/21 48/111/69 46/73/68
f 49/75/72 52/23/75 53/76/73
f 50/31/36 54/78/76 53/78/73
f 55/79/74 53/80/73 54/80/76
f 65/80/77 66/80/79 68/80/78
f 63/29/34 67/2/80 66/81/79
f 64/12/13 68/83/78 66/83/79
f 69/8/19 72/98/83 73/84/81
f 70/30/35 74/34/84 73/34/81
f 75/85/82 73/97/81 74/10/84
f 79/34/85 80/34/88 82/87/86
f 77/30/87 81/86/89 80/88/88
f 78/18/20 82/91/86 80/89/88
f 86/91/90 87/89/93 89/11/91
f 84/18/92 88/90/94 87/92/93
f 85/16/17 89/35/91 87/35/93
f 93/35/95 94/35/98 96/95/96
f 91/16/97 95/94/99 94/96/98
f 92/8/8 96/85/96 94/97/98
f 2/24/26 4/40/47 14/53/52
f 4/99/47 1/5/44 12/45/51
f 19/1/1 21/53/56 10/78/100
f 10/101/100 21/124/56 18/28/32
f 13/33/38 16/49/53 58/77/101
f 16/67/53 12/45/51 56/4/33
f 11/1/27 17/44/50 38/72/65
f 17/103/50 13/33/38 36/14/37
f 43/3/3 45/72/70 23/44/57
f 45/104/70 42/68/67 20/21/22
f 37/6/6 40/67/66 61/102/102
f 61/83/102 40/61/66 36/14/37
f 35/3/25 41/63/64 28/106/61
f 41/107/64 37/6/6 26/5/5
f 32/2/2 34/82/103 47/63/71
f 34/101/103 33/7/7 44/19/21
f 64/12/13 27/14/15 30/61/62
f 68/80/78 30/125/62 26/5/5
f 25/56/58 31/2/60 6/15/48
f 31/108/60 27/14/15 3/13/14
f 49/75/72 55/77/74 7/109/46
f 55/79/74 51/20/31 1/5/44
f 57/23/24 58/77/101 24/110/55
f 24/51/55 58/102/101 56/4/33
f 60/4/4 61/102/102 48/111/69
f 48/70/69 61/83/102 59/22/23
f 50/31/36 52/15/75 67/2/80
f 52/23/75 49/75/72 64/12/13
f 76/11/12 82/91/86 75/85/82
f 75/85/82 82/91/86 78/18/20
f 77/30/87 79/34/85 89/35/91
f 79/34/85 76/34/12 83/35/41
f 83/11/41 90/10/43 96/85/96
f 96/85/96 92/8/8 84/18/92
f 71/34/10 74/34/84 93/35/95
f 74/34/84 70/30/35 91/16/97
f 92/8/8 95/98/99 65/80/77
f 95/94/99 91/16/97 63/29/34
f 69/8/19 51/9/31 54/80/76
f 72/86/83 54/78/76 50/31/36
f 9/15/16 10/78/100 81/86/89
f 10/101/100 8/7/18 78/18/20
f 85/16/17 88/94/94 34/82/103
f 88/90/94 84/18/92 33/7/7
f 98/26/29 100/123/108 102/112/104
f 102/114/104 101/11/11 97/10/40
f 101/34/11 102/126/104 105/116/106
f 102/117/104 100/123/108 103/25/28
f 106/27/30 108/127/107 105/119/106
f 108/120/107 107/10/39 104/11/42
f 98/26/29 99/128/105 108/121/107
f 99/122/105 97/34/40 107/35/39
f 1/5/44 51/20/31 56/4/33
g Cube.005_Mesh
v 2.235688 0.002715 0.833293
v 2.237396 0.002008 0.833293
v 2.237396 0.002715 0.835000
v 2.235579 0.003641 0.835110
v 2.236481 0.002215 0.833293
v 2.236454 0.002472 0.834234
v 2.237396 0.002215 0.834207
v 2.236449 0.003093 0.835140
v 2.235549 0.003093 0.834239
v 2.237396 0.019301 0.851586
v 2.237539 0.021008 0.852293
v 2.235713 0.021008 0.851586
v 2.235579 0.019191 0.850660
v 2.237467 0.020094 0.852086
v 2.236480 0.020067 0.851829
v 2.236541 0.021009 0.852086
v 2.235559 0.020062 0.851210
v 2.236449 0.019162 0.851208
v 2.219103 0.019301 0.833293
v 2.220029 0.019191 0.835110
v 2.219187 0.021008 0.835085
v 2.218396 0.021008 0.833293
v 2.219481 0.019162 0.834239
v 2.218873 0.020067 0.834247
v 2.219523 0.020062 0.835182
v 2.218627 0.021008 0.834232
v 2.218603 0.020094 0.833293
v 2.240566 0.141958 0.852293
v 2.238814 0.142050 0.851452
v 2.239624 0.142036 0.852047
v 2.230733 0.154855 0.835031
v 2.230361 0.155406 0.833293
v 2.230444 0.155193 0.834216
v 2.218396 0.123958 0.833293
v 2.219250 0.124689 0.835024
v 2.218646 0.124172 0.834214
v 2.237482 0.002715 -0.835000
v 2.237396 0.002008 -0.833293
v 2.235688 0.002715 -0.833293
v 2.235700 0.003580 -0.835078
v 2.237438 0.002215 -0.834207
v 2.236489 0.002462 -0.834230
v 2.236481 0.002215 -0.833293
v 2.235603 0.003057 -0.834230
v 2.236556 0.003068 -0.835123
v 2.219103 0.019301 -0.833293
v 2.218396 0.021008 -0.833293
v 2.219227 0.021008 -0.835038
v 2.220104 0.019176 -0.835078
v 2.218603 0.020094 -0.833293
v 2.218891 0.020064 -0.834235
v 2.218639 0.021008 -0.834218
v 2.219589 0.020057 -0.835143
v 2.219512 0.019148 -0.834230
v 2.239415 0.019301 -0.851586
v 2.237518 0.019176 -0.850674
v 2.237750 0.021008 -0.851626
v 2.239610 0.021008 -0.852293
v 2.238432 0.019159 -0.851214
v 2.238525 0.020065 -0.851837
v 2.237557 0.020057 -0.851236
v 2.238603 0.021008 -0.852098
v 2.239513 0.020094 -0.852086
v 2.230361 0.155406 -0.833293
v 2.230705 0.154844 -0.835046
v 2.230433 0.155185 -0.834221
v 2.237987 0.142015 -0.851465
v 2.239698 0.141958 -0.852293
v 2.238767 0.142019 -0.852051
v 2.219232 0.124704 -0.835039
v 2.218396 0.123958 -0.833293
v 2.218641 0.124177 -0.834219
v 2.847718 0.002715 0.835000
v 2.847804 0.002008 0.833293
v 2.849511 0.002715 0.833293
v 2.849500 0.003580 0.835078
v 2.847761 0.002215 0.834207
v 2.848710 0.002462 0.834230
v 2.848718 0.002215 0.833293
v 2.849596 0.003057 0.834230
v 2.848644 0.003068 0.835123
v 2.866096 0.019301 0.833293
v 2.866804 0.021008 0.833293
v 2.865973 0.021008 0.835038
v 2.865096 0.019176 0.835078
v 2.866597 0.020094 0.833293
v 2.866308 0.020064 0.834235
v 2.866560 0.021008 0.834218
v 2.865611 0.020057 0.835143
v 2.865687 0.019148 0.834230
v 2.845784 0.019301 0.851586
v 2.847681 0.019176 0.850674
v 2.847449 0.021008 0.851626
v 2.845589 0.021008 0.852293
v 2.846767 0.019159 0.851214
v 2.846674 0.020065 0.851837
v 2.847642 0.020057 0.851236
v 2.846596 0.021008 0.852098
v 2.845686 0.020094 0.852086
v 2.854838 0.155406 0.833293
v 2.854495 0.154844 0.835046
v 2.854767 0.155185 0.834221
v 2.847212 0.142015 0.851465
v 2.845501 0.141958 0.852293
v 2.846433 0.142019 0.852051
v 2.865968 0.124704 0.835039
v 2.866804 0.123958 0.833293
v 2.866559 0.124177 0.834219
v 2.849511 0.002715 -0.833293
v 2.847804 0.002008 -0.833293
v 2.847804 0.002715 -0.835000
v 2.849620 0.003641 -0.835110
v 2.848718 0.002215 -0.833293
v 2.848745 0.002472 -0.834234
v 2.847804 0.002215 -0.834207
v 2.848750 0.003093 -0.835140
v 2.849650 0.003093 -0.834239
v 2.847804 0.019301 -0.851586
v 2.847660 0.021008 -0.852293
v 2.849486 0.021008 -0.851586
v 2.849620 0.019191 -0.850660
v 2.847732 0.020094 -0.852086
v 2.848720 0.020067 -0.851829
v 2.848659 0.021009 -0.852086
v 2.849640 0.020062 -0.851210
v 2.848750 0.019162 -0.851208
v 2.866096 0.019301 -0.833293
v 2.865171 0.019191 -0.835110
v 2.866012 0.021008 -0.835085
v 2.866804 0.021008 -0.833293
v 2.865718 0.019162 -0.834239
v 2.866327 0.020067 -0.834247
v 2.865676 0.020062 -0.835182
v 2.866572 0.021008 -0.834232
v 2.866597 0.020094 -0.833293
v 2.866804 0.123958 -0.833293
v 2.865949 0.124689 -0.835024
v 2.866553 0.124172 -0.834214
v 2.844633 0.141958 -0.852293
v 2.846385 0.142050 -0.851452
v 2.845576 0.142036 -0.852047
v 2.854466 0.154855 -0.835031
v 2.854838 0.155406 -0.833293
v 2.854756 0.155193 -0.834216
v 2.334109 0.285922 0.834940
v 2.333366 0.286032 0.833293
v 2.333593 0.286020 0.834190
v 2.318780 0.254776 0.833293
v 2.319264 0.254345 0.835032
v 2.318913 0.254632 0.834217
v 2.330093 0.244710 0.851549
v 2.331820 0.244396 0.852293
v 2.330801 0.244438 0.852075
v 2.355024 0.282650 0.852293
v 2.353291 0.283099 0.851623
v 2.354110 0.282892 0.852097
v 2.333366 0.286032 -0.833293
v 2.334080 0.285926 -0.834975
v 2.333584 0.286020 -0.834200
v 2.351485 0.283365 -0.851590
v 2.353264 0.283156 -0.852293
v 2.352321 0.283280 -0.852087
v 2.330591 0.245132 -0.852293
v 2.329069 0.245621 -0.851519
v 2.329787 0.245416 -0.852066
v 2.319239 0.254367 -0.835063
v 2.318780 0.254776 -0.833293
v 2.318907 0.254639 -0.834226
v 2.751090 0.285922 -0.834940
v 2.751834 0.286032 -0.833293
v 2.751606 0.286020 -0.834190
v 2.766420 0.254776 -0.833293
v 2.765935 0.254345 -0.835032
v 2.766286 0.254632 -0.834217
v 2.755106 0.244710 -0.851549
v 2.753380 0.244396 -0.852293
v 2.754399 0.244438 -0.852075
v 2.730176 0.282650 -0.852293
v 2.731908 0.283099 -0.851623
v 2.731090 0.282892 -0.852097
v 2.751834 0.286032 0.833293
v 2.751120 0.285926 0.834975
v 2.751616 0.286020 0.834200
v 2.733715 0.283365 0.851590
v 2.731935 0.283156 0.852293
v 2.732878 0.283280 0.852087
v 2.754608 0.245132 0.852293
v 2.756131 0.245621 0.851519
v 2.755413 0.245416 0.852066
v 2.765960 0.254367 0.835063
v 2.766420 0.254776 0.833293
v 2.766293 0.254639 0.834226
v 2.422826 0.889487 0.833293
v 2.421923 0.887844 0.833293
v 2.422630 0.887832 0.834994
v 2.423802 0.889597 0.835125
v 2.422248 0.888735 0.833293
v 2.422514 0.888763 0.834235
v 2.422133 0.887859 0.834206
v 2.423140 0.888759 0.835137
v 2.423239 0.889629 0.834244
v 2.439361 0.887655 0.851568
v 2.441102 0.887642 0.852293
v 2.441335 0.889349 0.851586
v 2.439553 0.889431 0.850732
v 2.440176 0.887657 0.852081
v 2.440284 0.888582 0.851837
v 2.441219 0.888556 0.852086
v 2.440411 0.889472 0.851237
v 2.439380 0.888588 0.851228
v 2.441932 0.905988 0.833293
v 2.441682 0.905038 0.835125
v 2.443598 0.905935 0.835000
v 2.443689 0.906642 0.833293
v 2.441732 0.905600 0.834244
v 2.442694 0.906190 0.834236
v 2.442606 0.905568 0.835140
v 2.443643 0.906435 0.834207
v 2.442760 0.906450 0.833293
v 2.422631 0.887832 -0.834995
v 2.421923 0.887844 -0.833293
v 2.422826 0.889487 -0.833293
v 2.423802 0.889597 -0.835125
v 2.422133 0.887859 -0.834206
v 2.422514 0.888763 -0.834235
v 2.422248 0.888735 -0.833293
v 2.423239 0.889629 -0.834244
v 2.423140 0.888759 -0.835138
v 2.441932 0.905988 -0.833293
v 2.443689 0.906642 -0.833293
v 2.443598 0.905935 -0.835000
v 2.441682 0.905038 -0.835125
v 2.442760 0.906450 -0.833293
v 2.442694 0.906190 -0.834236
v 2.443643 0.906435 -0.834207
v 2.442606 0.905568 -0.835140
v 2.441732 0.905600 -0.834244
v 2.439360 0.887655 -0.851570
v 2.439553 0.889431 -0.850732
v 2.441335 0.889349 -0.851586
v 2.441145 0.887642 -0.852293
v 2.439380 0.888588 -0.851229
v 2.440291 0.888582 -0.851837
v 2.440411 0.889472 -0.851237
v 2.441240 0.888556 -0.852086
v 2.440187 0.887657 -0.852081
v 2.645838 0.887655 -0.851568
v 2.644097 0.887642 -0.852293
v 2.643864 0.889349 -0.851586
v 2.645646 0.889431 -0.850732
v 2.645024 0.887657 -0.852081
v 2.644915 0.888582 -0.851837
v 2.643981 0.888556 -0.852086
v 2.644789 0.889472 -0.851237
v 2.645819 0.888588 -0.851228
v 2.641602 0.905935 -0.835000
v 2.641510 0.906642 -0.833293
v 2.643267 0.905988 -0.833293
v 2.643518 0.905038 -0.835125
v 2.641556 0.906435 -0.834207
v 2.642505 0.906190 -0.834236
v 2.642439 0.906450 -0.833293
v 2.643467 0.905600 -0.834244
v 2.642593 0.905568 -0.835140
v 2.662569 0.887832 -0.834994
v 2.661397 0.889597 -0.835125
v 2.662374 0.889487 -0.833293
v 2.663276 0.887844 -0.833293
v 2.662060 0.888759 -0.835137
v 2.662685 0.888763 -0.834235
v 2.661961 0.889629 -0.834244
v 2.662951 0.888735 -0.833293
v 2.663066 0.887859 -0.834206
v 2.662568 0.887832 0.834995
v 2.663276 0.887844 0.833293
v 2.662374 0.889487 0.833293
v 2.661397 0.889597 0.835125
v 2.663066 0.887859 0.834206
v 2.662685 0.888763 0.834235
v 2.662951 0.888735 0.833293
v 2.661961 0.889629 0.834244
v 2.662059 0.888759 0.835138
v 2.643267 0.905988 0.833293
v 2.641510 0.906642 0.833293
v 2.641602 0.905935 0.835000
v 2.643518 0.905038 0.835125
v 2.642439 0.906450 0.833293
v 2.642505 0.906190 0.834236
v 2.641556 0.906435 0.834207
v 2.642593 0.905568 0.835140
v 2.643467 0.905600 0.834244
v 2.645839 0.887655 0.851570
v 2.645646 0.889431 0.850732
v 2.643864 0.889349 0.851586
v 2.644054 0.887642 0.852293
v 2.645819 0.888588 0.851229
v 2.644909 0.888582 0.851837
v 2.644789 0.889472 0.851237
v 2.643959 0.888556 0.852086
v 2.645013 0.887657 0.852081
vn -0.9965 0.0826 0.0093
vn -1.0000 0.0022 0.0041
vn -1.0000 0.0013 -0.0060
vn 0.5485 -0.5714 0.6105
vn 0.5708 -0.5475 0.6119
vn 0.5480 -0.5480 0.6319
vn 0.6062 0.4694 0.6420
vn 0.5974 0.4685 0.6509
vn 0.6629 0.2717 0.6977
vn 0.0040 -0.7101 -0.7040
vn 0.0004 -0.7012 -0.7130
vn -0.0004 -0.7012 -0.7129
vn -0.6505 0.2786 0.7065
vn -0.5868 0.4823 0.6504
vn -0.6847 0.0425 0.7276
vn -0.7822 0.5924 -0.1930
vn -0.7931 0.6091 0.0002
vn 0.6856 0.1044 -0.7204
vn 0.6347 0.1082 -0.7651
vn 0.6784 0.0974 -0.7282
vn -0.6021 0.4917 -0.6290
vn -0.6628 0.2718 -0.6977
vn -0.6839 0.0324 -0.7289
vn 0.7822 0.5924 0.1930
vn 0.9960 0.0891 -0.0042
vn 0.7931 0.6091 -0.0002
vn -0.1063 0.1349 0.9851
vn 0.0110 -0.0276 0.9996
vn -0.0018 -0.0009 1.0000
vn 0.8084 0.1060 0.5790
vn 0.6904 0.5372 0.4845
vn -0.5571 0.6241 -0.5478
vn -0.5364 0.6420 -0.5479
vn -0.5365 0.6211 -0.5713
vn -0.8084 0.1060 -0.5790
vn -0.5974 0.4685 -0.6508
vn -0.6302 0.4803 -0.6100
vn -0.0369 -0.9984 -0.0418
vn 0.0044 -1.0000 -0.0046
vn 0.0028 -1.0000 0.0032
vn -0.6137 0.3339 0.7154
vn -0.5104 0.0114 -0.8598
vn 0.5351 -0.8447 0.0059
vn 0.7128 -0.7013 -0.0006
vn 0.7014 -0.7128 -0.0004
vn 0.7846 0.6199 -0.0082
vn 0.6667 0.0799 -0.7410
vn 0.6695 0.0085 -0.7427
vn 0.6505 0.2787 -0.7066
vn 0.6894 0.5701 -0.4468
vn 0.5756 0.4526 -0.6811
vn 0.6095 0.4652 -0.6419
vn -0.9217 0.3873 0.0214
vn -0.7845 0.6201 -0.0072
vn -0.9868 0.1616 0.0086
vn -0.8430 0.1019 -0.5281
vn -0.6486 0.2784 -0.7084
vn 0.9217 0.3873 -0.0214
vn 0.7558 0.6270 -0.1886
vn 0.9868 0.1616 -0.0086
vn 0.8430 0.1019 0.5281
vn 0.6486 0.2784 0.7084
vn 0.0201 0.8433 0.5371
vn 0.0003 0.7013 0.7129
vn 0.0002 0.7129 0.7012
vn -0.0201 0.8432 -0.5371
vn -0.0003 0.7013 -0.7129
vn -0.0002 0.7129 -0.7012
vn 0.4843 0.8749 -0.0008
vn 0.6590 0.7522 0.0004
vn 0.6482 0.7615 0.0004
vn -0.5698 -0.5922 0.5698
vn -0.5706 -0.5695 0.5917
vn -0.5930 -0.5696 0.5691
vn -0.0360 -0.1866 0.9818
vn -0.0129 0.0055 0.9999
vn 0.0107 0.0032 0.9999
vn -0.8885 0.4589 -0.0055
vn 0.0360 -0.1866 -0.9818
vn 0.0129 0.0055 -0.9999
vn -0.0107 0.0032 -0.9999
vn -0.5485 -0.5714 -0.6105
vn -0.5708 -0.5475 -0.6119
vn -0.5480 -0.5480 -0.6319
vn 0.5104 0.0114 0.8598
vn 0.6839 0.0324 0.7289
vn 1.0000 0.0022 -0.0041
vn 1.0000 0.0013 0.0060
vn -0.6858 -0.0128 0.7277
vn -0.6952 0.0050 0.7188
vn -0.9900 0.1408 0.0068
vn 0.9900 0.1408 -0.0068
vn 0.0078 0.1296 0.9915
vn 0.1134 -0.0601 0.9917
vn -0.0241 -0.0249 0.9994
vn -0.0078 0.1296 -0.9915
vn -0.1134 -0.0601 -0.9917
vn 0.0858 0.1807 -0.9798
vn 0.5698 -0.5922 -0.5698
vn 0.5706 -0.5695 -0.5917
vn 0.5930 -0.5696 -0.5691
vn -0.6856 0.1043 0.7204
vn -0.6347 0.1082 0.7651
vn -0.6784 0.0974 0.7282
vn -0.5570 0.6242 0.5479
vn -0.5364 0.6209 0.5717
vn -0.5363 0.6420 0.5478
vn 0.5364 0.6209 -0.5717
vn 0.5363 0.6420 -0.5478
vn 0.5570 0.6242 -0.5479
vn 0.5571 0.6241 0.5478
vn 0.5364 0.6420 0.5479
vn 0.5365 0.6211 0.5713
vn 0.0166 0.9998 -0.0083
vn -0.0041 1.0000 -0.0046
vn -0.0038 1.0000 0.0046
vn -0.4843 0.8749 0.0008
vn -0.6590 0.7522 -0.0004
vn -0.6482 0.7615 -0.0004
vn -0.7837 0.1045 0.6123
vn 0.1063 0.1349 -0.9851
vn -0.0286 0.1057 -0.9940
vn 0.0018 -0.0009 -1.0000
vn 0.7837 0.1045 -0.6123
vn -0.0040 -0.7101 0.7040
vn -0.0004 -0.7012 0.7130
vn 0.0004 -0.7012 0.7129
vn -0.6085 -0.7922 -0.0463
vn -0.3889 -0.8352 0.3889
vn -0.6700 -0.6763 0.3063
vn -0.0340 -0.8879 0.4587
vn -0.4827 -0.8674 0.1212
vn -0.2640 -0.7741 0.5754
vn -0.3801 -0.3777 0.8443
vn -0.3068 -0.6706 0.6754
vn -0.4525 -0.0390 0.8909
vn -0.1286 -0.4709 0.8727
vn -0.5747 -0.2525 0.7784
vn -0.6778 -0.7221 0.1384
vn -0.8346 -0.3799 0.3989
vn -0.9253 -0.3793 -0.0033
vn -0.7247 -0.2519 0.6414
vn -0.7770 -0.5720 0.2629
vn -0.8605 -0.1341 0.4914
vn -0.2407 -0.7531 -0.6122
vn -0.3778 -0.8346 -0.4010
vn -0.2935 -0.6618 -0.6898
vn -0.4606 -0.8869 -0.0347
vn -0.1070 -0.8688 -0.4834
vn -0.7253 -0.6751 -0.1350
vn -0.5766 -0.7684 -0.2777
vn -0.7988 -0.6000 0.0434
vn -0.8207 -0.3786 -0.4280
vn -0.6705 -0.6638 -0.3313
vn -0.8649 -0.0407 -0.5003
vn -0.8591 -0.4924 -0.1394
vn -0.8342 -0.1010 -0.5422
vn -0.7451 -0.2477 -0.6193
vn -0.3619 -0.3724 -0.8546
vn 0.0040 -0.3783 -0.9257
vn -0.6005 -0.2421 -0.7621
vn -0.2500 -0.5560 -0.7927
vn -0.4341 -0.1396 -0.8900
vn 0.2407 -0.7531 0.6122
vn 0.3778 -0.8346 0.4010
vn 0.2935 -0.6618 0.6898
vn 0.4606 -0.8869 0.0347
vn 0.1070 -0.8688 0.4834
vn 0.2193 -0.9488 0.2273
vn 0.5766 -0.7684 0.2777
vn 0.8207 -0.3786 0.4280
vn 0.6705 -0.6638 0.3313
vn 0.8649 -0.0407 0.5003
vn 0.8591 -0.4924 0.1394
vn 0.8342 -0.1010 0.5422
vn 0.7451 -0.2477 0.6193
vn 0.3619 -0.3724 0.8546
vn -0.0040 -0.3783 0.9257
vn 0.6005 -0.2421 0.7621
vn 0.2500 -0.5560 0.7927
vn 0.4341 -0.1396 0.8900
vn 0.3889 -0.8352 -0.3889
vn 0.6700 -0.6763 -0.3063
vn 0.0340 -0.8879 -0.4587
vn 0.4827 -0.8674 -0.1212
vn 0.2640 -0.7741 -0.5754
vn 0.3801 -0.3777 -0.8443
vn 0.3068 -0.6706 -0.6754
vn 0.4525 -0.0390 -0.8909
vn 0.1286 -0.4709 -0.8727
vn 0.5747 -0.2525 -0.7784
vn 0.8642 -0.4884 -0.1208
vn 0.8346 -0.3799 -0.3989
vn 0.9253 -0.3793 0.0033
vn 0.7247 -0.2519 -0.6414
vn 0.7770 -0.5720 -0.2629
vn 0.7529 -0.2594 -0.6049
vn 0.8605 -0.1341 -0.4914
vn -0.7907 0.4829 0.3763
vn -0.6274 0.7214 0.2933
vn -0.8722 0.1723 0.4578
vn -0.8121 0.5710 0.1199
vn -0.9146 0.3445 0.2117
vn -0.7502 0.3576 0.5561
vn -0.3709 0.4244 0.8260
vn -0.6447 0.3831 0.6615
vn -0.4720 0.1535 0.8681
vn -0.1157 0.5116 0.8514
vn -0.1238 0.2827 0.9512
vn -0.2382 0.6131 0.7532
vn -0.3620 0.8525 0.3770
vn -0.3443 0.9388 -0.0039
vn -0.2310 0.7502 0.6196
vn -0.5251 0.8100 0.2612
vn -0.1232 0.8739 0.4703
vn -0.1965 0.9556 0.2195
vn -0.7907 0.4828 -0.3764
vn -0.6505 0.3853 -0.6545
vn -0.8333 0.5517 -0.0338
vn -0.8460 0.2522 -0.4698
vn -0.8142 0.5687 -0.1171
vn -0.7246 0.6377 -0.2614
vn -0.3620 0.8525 -0.3770
vn -0.6225 0.7256 -0.2932
vn -0.0373 0.8903 -0.4538
vn -0.4469 0.8864 -0.1204
vn -0.2443 0.7938 -0.5569
vn -0.4931 0.1886 -0.8493
vn -0.3670 0.4219 -0.8290
vn -0.3639 0.0550 -0.9298
vn -0.2340 0.6658 -0.7085
vn -0.5745 0.3225 -0.7523
vn -0.0830 0.2885 -0.9539
vn -0.0979 0.4826 -0.8704
vn 0.3709 0.4244 -0.8260
vn 0.6447 0.3831 -0.6615
vn 0.4720 0.1535 -0.8681
vn 0.1157 0.5116 -0.8514
vn 0.1238 0.2827 -0.9512
vn 0.2382 0.6131 -0.7532
vn 0.3620 0.8525 -0.3770
vn 0.2865 0.6998 -0.6544
vn 0.4246 0.9047 -0.0339
vn 0.1232 0.8739 -0.4703
vn 0.5251 0.8100 -0.2612
vn 0.7907 0.4829 -0.3763
vn 0.9132 0.1311 -0.3859
vn 0.6774 0.6933 -0.2459
vn 0.7502 0.3576 -0.5561
vn 0.8121 0.5710 -0.1199
vn 0.9146 0.3445 -0.2117
vn 0.7907 0.4828 0.3764
vn 0.6505 0.3853 0.6545
vn 0.8333 0.5517 0.0338
vn 0.8460 0.2522 0.4698
vn 0.8142 0.5687 0.1171
vn 0.7246 0.6377 0.2614
vn 0.3620 0.8525 0.3770
vn 0.6225 0.7256 0.2932
vn 0.0373 0.8903 0.4538
vn 0.4469 0.8864 0.1204
vn 0.2443 0.7938 0.5569
vn 0.4931 0.1886 0.8493
vn 0.3670 0.4219 0.8290
vn 0.3639 0.0550 0.9298
vn 0.2340 0.6658 0.7085
vn 0.5745 0.3225 0.7523
vn 0.0830 0.2885 0.9539
vn 0.0979 0.4826 0.8704
vn -0.9084 0.0796 0.4105
vn -0.7448 0.5734 0.3413
vn -0.9118 0.0799 -0.4028
vn -0.9469 0.2352 -0.2193
vn -0.7487 0.5770 -0.3264
vn 0.9118 0.0799 0.4028
vn 0.9612 0.2740 0.0327
vn 0.7487 0.5770 0.3264
vn 0.9084 0.0796 -0.4105
vn 0.7448 0.5734 -0.3413
vn -0.7406 0.5799 0.3394
vn -0.8944 0.1484 0.4219
vn -0.7505 0.4124 0.5164
vn -0.3459 0.0567 0.9366
vn -0.3505 0.2828 0.8928
vn -0.7460 0.5841 -0.3198
vn -0.9005 0.1497 -0.4082
vn -0.3544 0.0590 -0.9332
vn -0.3718 0.2954 -0.8800
vn 0.7406 0.5799 -0.3394
vn 0.8944 0.1484 -0.4219
vn 0.3459 0.0567 -0.9366
vn 0.3505 0.2828 -0.8928
vn 0.7460 0.5841 0.3198
vn 0.9005 0.1497 0.4082
vn 0.3544 0.0590 0.9332
vn 0.3718 0.2954 0.8800
vn -0.4249 0.1753 -0.8881
vn 0.4249 0.1753 0.8881
vn -0.4191 0.2343 0.8772
vn 0.4191 0.2343 -0.8772
vt 0.011146 0.389740
vt 0.988854 0.329344
vt 0.011146 0.329344
vt 0.680044 0.010099
vt 0.689193 0.010099
vt 0.678977 0.000950
vt 0.010118 0.408105
vt 0.000454 0.466485
vt 0.000425 0.406026
vt 0.679049 0.989855
vt 0.322136 0.999585
vt 0.679049 0.999585
vt 0.321783 0.400534
vt 0.317043 0.407866
vt 0.310306 0.400300
vt 0.988854 0.408189
vt 0.011146 0.389740
vt 0.011146 0.408189
vt 0.989851 0.837929
vt 0.999607 0.484821
vt 0.999575 0.839241
vt 0.317026 0.407859
vt 0.321298 0.400522
vt 0.310295 0.400300
vt 0.011146 0.408189
vt 0.988854 0.389740
vt 0.988854 0.408189
vt 0.389958 0.482837
vt 0.611074 0.483134
vt 0.440456 0.837757
vt 0.010160 0.474374
vt 0.000454 0.466485
vt 0.010108 0.466485
vt 0.431707 0.989928
vt 0.440863 0.989928
vt 0.439614 0.999084
vt 0.377671 0.474374
vt 0.374731 0.461114
vt 0.368965 0.466245
vt 0.679049 0.988854
vt 0.320951 0.011146
vt 0.320951 0.988854
vt 0.375332 0.460580
vt 0.317043 0.407866
vt 0.321733 0.400399
vt 0.321159 0.329344
vt 0.310295 0.390178
vt 0.321211 0.400334
vt 0.317026 0.407859
vt 0.680050 0.988854
vt 0.689780 0.011146
vt 0.680050 0.011146
vt 0.011146 0.466485
vt 0.989869 0.390169
vt 0.999587 0.329344
vt 0.999602 0.400355
vt 0.989873 0.408117
vt 0.999563 0.466485
vt 0.989874 0.466485
vt 0.988854 0.484821
vt 0.011146 0.466485
vt 0.011146 0.484821
vt 0.429620 0.837869
vt 0.387882 0.483257
vt 0.377671 0.484759
vt 0.011146 0.484821
vt 0.988854 0.466485
vt 0.988854 0.484821
vt 0.010148 0.837929
vt 0.000412 0.484821
vt 0.010160 0.484821
vt 0.441920 0.010145
vt 0.559407 0.000415
vt 0.558080 0.010145
vt 0.558080 0.989855
vt 0.440593 0.999585
vt 0.441920 0.989855
vt 0.559000 0.011146
vt 0.568785 0.988854
vt 0.559000 0.988854
vt 0.319886 0.010081
vt 0.319886 0.000958
vt 0.310763 0.010081
vt 0.677749 0.329344
vt 0.322811 0.400300
vt 0.321035 0.329344
vt 0.988854 0.466485
vt 0.322251 0.329344
vt 0.677189 0.400300
vt 0.678964 0.329344
vt 0.319956 0.989901
vt 0.310807 0.989901
vt 0.321023 0.999050
vt 0.999506 0.400120
vt 0.989873 0.400300
vt 0.000391 0.329344
vt 0.010122 0.390178
vt 0.000388 0.400334
vt 0.010118 0.400300
vt 0.000486 0.400112
vt 0.010122 0.390178
vt 0.988854 0.389740
vt 0.011146 0.329344
vt 0.319962 0.329344
vt 0.310306 0.390169
vt 0.310271 0.329344
vt 0.011146 0.484821
vt 0.988854 0.837876
vt 0.988854 0.484821
vt 0.011146 0.837876
vt 0.011146 0.484821
vt 0.677698 0.400300
vt 0.624375 0.460827
vt 0.376345 0.460395
vt 0.322302 0.400300
vt 0.375625 0.460827
vt 0.623655 0.460395
vt 0.680114 0.989919
vt 0.680114 0.999042
vt 0.689237 0.989919
vt 0.429620 0.837869
vt 0.388942 0.483101
vt 0.439434 0.837765
vt 0.431707 0.010072
vt 0.439614 0.000916
vt 0.440863 0.010072
vt 0.560386 0.999084
vt 0.559137 0.989928
vt 0.568293 0.989928
vt 0.568293 0.010072
vt 0.559137 0.010072
vt 0.560386 0.000916
vt 0.441974 0.988854
vt 0.558026 0.011146
vt 0.558026 0.988854
vt 0.441000 0.988854
vt 0.431215 0.011146
vt 0.441000 0.011146
vt 0.377688 0.474374
vt 0.375332 0.460579
vt 0.388942 0.474374
vt 0.610042 0.482837
vt 0.388926 0.483134
vt 0.559544 0.837757
vt 0.989820 0.474374
vt 0.999607 0.474374
vt 0.320951 0.010145
vt 0.677864 0.000415
vt 0.320951 0.000415
vt 0.319950 0.011146
vt 0.320343 0.010539
vt 0.319798 0.010560
vt 0.320951 0.010560
vt 0.320365 0.011146
vt 0.319798 0.010560
vt 0.320365 0.009993
vt 0.320414 0.000000
vt 0.320365 0.000567
vt 0.320379 0.329347
vt 0.320993 0.328758
vt 0.320253 0.328758
vt 0.320379 0.329347
vt 0.320365 0.000567
vt 0.319802 0.000563
vt 0.310220 0.011146
vt 0.309928 0.010560
vt 0.309805 0.011146
vt 0.310396 0.009968
vt 0.310372 0.010560
vt 0.309805 0.328792
vt 0.310396 0.328758
vt 0.011146 0.328758
vt 0.010560 0.329344
vt 0.321002 0.989855
vt 0.320355 0.989460
vt 0.320429 0.989996
vt 0.320365 0.988854
vt 0.320976 0.989440
vt 0.319950 0.988854
vt 0.320365 0.988854
vt 0.320429 0.989996
vt 0.319824 0.989440
vt 0.310220 0.988854
vt 0.309805 0.989406
vt 0.310385 0.989440
vt 0.989440 0.329344
vt 0.988854 0.328758
vt 0.310293 0.329344
vt 0.309949 0.328758
vt 0.309805 0.329344
vt 0.310441 0.990010
vt 0.321582 0.999885
vt 0.322193 1.000000
vt 0.320983 0.999451
vt 0.321530 0.999436
vt 0.321596 0.328791
vt 0.320982 0.328758
vt 0.322193 0.328758
vt 0.321596 0.329344
vt 0.678998 0.010145
vt 0.679645 0.010540
vt 0.679571 0.010004
vt 0.679635 0.011146
vt 0.679024 0.010560
vt 0.679049 0.011146
vt 0.679635 0.011146
vt 0.679571 0.010004
vt 0.680176 0.010560
vt 0.690195 0.010594
vt 0.689615 0.010560
vt 0.010560 0.329344
vt 0.011146 0.328758
vt 0.010123 0.329344
vt 0.010430 0.328758
vt 0.010560 0.329344
vt 0.689615 0.010560
vt 0.689559 0.009990
vt 0.678418 0.000115
vt 0.677807 0.000000
vt 0.679017 0.000549
vt 0.678470 0.000564
vt 0.000000 0.328791
vt 0.000549 0.328758
vt 0.677806 0.328758
vt 0.678404 0.329344
vt 0.679657 0.989461
vt 0.680202 0.989440
vt 0.679049 0.989440
vt 0.679635 0.988854
vt 0.680202 0.989440
vt 0.679635 0.990007
vt 0.679586 1.000000
vt 0.679635 0.999433
vt 0.679621 0.329347
vt 0.679007 0.328758
vt 0.999889 0.328758
vt 1.000000 0.329347
vt 0.679635 0.999433
vt 0.680198 0.999437
vt 0.689780 0.988854
vt 0.690073 0.989440
vt 0.690195 0.988854
vt 0.689604 0.990032
vt 0.689628 0.989440
vt 0.989903 0.329344
vt 0.989440 0.328792
vt 0.990032 0.328758
vt 0.988854 0.328758
vt 0.989440 0.329344
vt 0.430828 0.010594
vt 0.431372 0.010560
vt 0.010560 0.837902
vt 0.011146 0.838456
vt 0.011146 0.837876
vt 0.429405 0.838455
vt 0.429209 0.837902
vt 0.431311 0.010000
vt 0.439943 0.838314
vt 0.439382 0.838350
vt 0.439977 0.838344
vt 0.439866 0.837773
vt 0.440593 0.000415
vt 0.439963 0.000117
vt 0.440525 0.000000
vt 0.439464 0.000560
vt 0.440023 0.000555
vt 0.441356 0.010540
vt 0.441387 0.011146
vt 0.441311 0.009998
vt 0.440843 0.010560
vt 0.441311 0.009998
vt 0.441387 0.011146
vt 0.441947 0.010560
vt 0.441974 0.011146
vt 0.429290 0.838453
vt 0.429855 0.838450
vt 0.988854 0.838456
vt 0.989440 0.837902
vt 0.431215 0.988854
vt 0.430940 0.989440
vt 0.430828 0.988854
vt 0.431311 0.990000
vt 0.431372 0.989440
vt 0.441356 0.989460
vt 0.440843 0.989440
vt 0.441947 0.989440
vt 0.441387 0.988854
vt 0.440843 0.989440
vt 0.441311 0.990002
vt 0.439434 0.837765
vt 0.439830 0.838345
vt 0.439864 0.837774
vt 0.440023 0.999445
vt 0.439464 0.999440
vt 0.439980 1.000000
vt 0.440023 0.999445
vt 0.440482 0.837757
vt 0.439943 0.838314
vt 0.440537 0.838344
vt 1.000000 0.839851
vt 0.999440 0.839806
vt 0.560023 0.838344
vt 0.560134 0.837773
vt 0.559407 0.999585
vt 0.560037 0.999883
vt 0.559475 1.000000
vt 0.560536 0.999440
vt 0.559977 0.999445
vt 0.558644 0.989460
vt 0.558689 0.990002
vt 0.558613 0.988854
vt 0.558053 0.989440
vt 0.559157 0.989440
vt 0.989554 0.838472
vt 0.568628 0.989440
vt 0.568689 0.990000
vt 0.569172 0.989406
vt 0.568628 0.989440
vt 0.989440 0.837902
vt 0.988854 0.838456
vt 0.988854 0.837876
vt 0.010560 0.838453
vt 0.010000 0.838532
vt 0.011146 0.838456
vt 0.010560 0.837902
vt 0.568785 0.011146
vt 0.569060 0.010560
vt 0.569172 0.011146
vt 0.568689 0.010000
vt 0.568628 0.010560
vt 0.558644 0.010540
vt 0.559157 0.010560
vt 0.558053 0.010560
vt 0.558613 0.011146
vt 0.558053 0.010560
vt 0.559157 0.010560
vt 0.558689 0.009998
vt 0.000424 0.839241
vt 0.000116 0.839866
vt 0.000000 0.839312
vt 0.559977 0.000555
vt 0.560536 0.000560
vt 0.560020 0.000000
vt 0.559977 0.000555
vt 0.559519 0.837757
vt 0.560057 0.838314
vt 0.559463 0.838344
vt 0.310372 0.010560
vt 0.320365 0.009993
vt 0.319802 0.328758
vt 0.010560 0.389899
vt 0.010560 0.408096
vt 0.316789 0.408149
vt 0.321530 0.999436
vt 0.319824 0.989440
vt 0.310441 0.328758
vt 0.989440 0.389900
vt 0.316787 0.408147
vt 0.309866 0.400368
vt 0.678470 0.000564
vt 0.679571 0.010004
vt 0.009990 0.328758
vt 0.010560 0.389900
vt 0.010560 0.400243
vt 0.010560 0.389832
vt 0.999437 0.328758
vt 0.989440 0.389899
vt 0.989440 0.408096
vt 0.989440 0.400247
vt 0.010560 0.466485
vt 0.010560 0.484821
vt 0.377252 0.474374
vt 0.368980 0.466232
vt 0.376345 0.460395
vt 0.389377 0.483007
vt 0.375695 0.460452
vt 0.375695 0.460403
vt 0.989440 0.466485
vt 0.368695 0.466485
vt 0.388314 0.483193
vt 0.388926 0.483134
vt 0.375095 0.460967
vt 0.387882 0.474374
vt 0.388314 0.474374
vt 0.989440 0.466485
vt 0.989440 0.484821
vt 0.989440 0.474374
vt 0.989874 0.466485
vt 0.623655 0.460395
vt 0.610623 0.483007
vt 0.624304 0.460452
vt 1.000000 0.466529
vt 0.010560 0.466485
vt 0.011146 0.466485
vt 0.010560 0.474374
vt 0.611686 0.483193
vt 0.611074 0.483134
vt 0.000000 0.466540
vt 0.000412 0.474374
vt 0.000000 0.474374
vt 0.429855 0.838450
vt 0.440023 0.000555
vt 0.439382 0.838350
vt 0.441311 0.990002
vt 0.440023 0.999445
vt 0.990000 0.838532
vt 0.568628 0.989440
vt 0.559157 0.989440
vt 0.000560 0.839806
vt 0.558689 0.009998
vt 0.559977 0.000555
vt 0.320365 0.011146
vt 0.309805 0.988854
vt 0.321695 0.400355
vt 0.010560 0.389740
vt 0.309805 0.389740
vt 0.321596 0.329344
vt 0.321645 0.400300
vt 0.309805 0.389740
vt 0.320976 0.989440
vt 0.989440 0.389740
vt 0.679635 0.011146
vt 0.690195 0.011146
vt 0.678355 0.400300
vt 0.000000 0.329344
vt 0.000000 0.400300
vt 0.679024 0.010560
vt 0.322811 0.400300
vt 0.375619 0.460325
vt 0.322222 0.400378
vt 0.010560 0.466477
vt 0.011146 0.466485
vt 0.316824 0.408189
vt 0.368688 0.466477
vt 0.375003 0.460873
vt 0.321711 0.400375
vt 0.989440 0.466477
vt 0.989440 0.408189
vt 0.010560 0.466477
vt 0.010560 0.408189
vt 0.624997 0.460873
vt 0.000000 0.406255
vt 0.000000 0.466485
vt 0.989440 0.466477
vt 0.677189 0.400300
vt 0.624382 0.460325
vt 0.677778 0.400378
vt 1.000000 0.406510
vt 0.999566 0.406279
vt 0.441387 0.011146
vt 0.430828 0.011146
vt 0.559475 0.838344
vt 0.440537 1.000000
vt 0.558613 0.011146
vt 0.569172 0.988854
vt 0.440525 0.838344
vt 0.559463 0.000000
vt 0.010560 0.484833
vt 0.560136 0.837774
vt 0.000000 0.484843
vt 0.010560 0.484834
vt 0.377688 0.484757
vt 0.389394 0.483034
vt 0.989440 0.484833
vt 0.429209 0.837902
vt 0.377254 0.484833
vt 0.388317 0.483215
vt 0.989440 0.484834
vt 0.989440 0.837902
vt 0.989820 0.484821
vt 0.610606 0.483034
vt 1.000000 0.484821
vt 0.321243 0.400383
vt 0.320365 0.011146
vt 0.320365 0.009993
vt 0.320993 0.000000
vt 0.320365 0.328793
vt 0.320365 0.000119
vt 0.309931 0.010434
vt 0.010587 0.328758
vt 0.989440 0.328790
vt 0.309934 0.989440
vt 0.321473 0.999890
vt 0.321614 0.328758
vt 0.680175 0.010560
vt 0.010560 0.328790
vt 0.690066 0.010560
vt 0.678470 0.000564
vt 0.678527 0.000110
vt 0.678386 0.328758
vt 0.679007 1.000000
vt 0.679634 0.328793
vt 0.679635 0.999881
vt 0.689628 0.989440
vt 0.690069 0.989567
vt 0.989413 0.328758
vt 0.010560 0.838453
vt 0.430940 0.010560
vt 0.440023 0.000555
vt 0.439845 0.000118
vt 0.989406 0.838456
vt 0.431372 0.989440
vt 0.430926 0.989554
vt 0.441311 0.990002
vt 0.439963 0.999882
vt 0.439864 0.837774
vt 1.000000 0.839311
vt 0.560155 0.999882
vt 0.569060 0.989440
vt 0.989440 0.838453
vt 0.010560 0.837902
vt 0.010594 0.838456
vt 0.569074 0.010446
vt 0.558613 0.011146
vt 0.558689 0.009998
vt 0.560037 0.000118
vt 0.320365 0.000567
vt 0.309865 0.400368
vt 0.989440 0.408090
vt 0.010560 0.408090
vt 0.989440 0.389831
vt 0.389377 0.474357
vt 0.989440 0.484821
vt 0.375095 0.461028
vt 1.000000 0.474364
vt 0.010560 0.484821
vt 0.624905 0.461028
vt 0.322152 0.400300
vt 0.677848 0.400300
vt 1.000000 0.400300
vt 0.368689 0.466477
vt 0.678289 0.400375
vt 1.000000 0.466485
vt 0.611683 0.483215
vt 0.377254 0.484834
s 1
g Cube.005_concrete
usemtl concrete
f 142/129/109 155/130/110 130/131/111
f 184/132/112 193/133/113 200/134/114
f 209/135/115 296/136/116 211/137/117
f 219/138/118 163/139/119 226/140/120
f 137/141/121 139/142/122 143/143/123
f 172/144/124 142/145/109 140/146/125
f 373/147/126 287/148/127 355/149/128
f 173/150/129 175/151/130 178/152/131
f 208/153/132 244/154/133 251/155/134
f 262/156/135 293/157/136 311/158/137
f 290/159/138 296/160/116 298/161/139
f 331/162/140 340/163/141 347/164/142
f 266/165/143 272/166/144 274/167/145
f 218/168/146 110/169/147 146/170/148
f 259/171/149 139/172/122 137/173/121
f 165/174/150 178/175/131 175/176/130
f 272/166/144 173/177/129 274/167/145
f 217/178/151 190/179/152 183/180/153
f 251/144/134 299/181/154 208/146/132
f 245/182/155 228/183/156 248/184/157
f 250/185/158 283/186/159 281/187/160
f 265/188/161 256/189/162 254/190/163
f 328/191/164 268/192/165 266/193/143
f 289/194/166 280/195/167 278/196/168
f 382/197/169 292/198/170 290/199/138
f 321/200/171 402/201/172 393/202/173
f 364/203/174 348/204/175 339/205/176
f 391/206/177 375/207/178 366/208/179
f 112/209/180 121/210/181 128/211/182
f 202/212/183 136/213/184 119/214/185
f 140/153/125 275/215/186 172/155/124
f 166/216/187 247/217/188 227/218/189
f 148/219/190 157/220/191 164/221/192
f 245/182/155 248/222/157 250/223/158
f 201/224/193 214/225/194 211/226/117
f 209/227/115 211/228/117 214/229/194
f 244/230/133 191/231/195 238/130/196
f 120/232/197 143/233/123 129/234/198
f 254/235/163 329/236/199 265/237/161
f 278/237/168 383/238/200 289/239/166
f 212/240/201 295/241/202 260/242/203
f 176/243/204 271/244/205 284/245/206
f 220/246/207 229/247/208 236/248/209
f 303/249/210 263/250/211 310/251/212
f 304/252/213 313/253/214 320/254/215
f 358/255/216 367/256/217 374/257/218
f 385/258/219 394/259/220 401/260/221
f 338/261/222 392/262/223 365/263/224
f 337/264/225 301/265/226 319/266/227
f 253/267/228 259/268/149 263/269/211
f 286/270/229 269/271/230 356/272/231
f 277/273/232 283/186/159 287/274/127
f 111/275/233 199/276/234 118/277/235
f 109/278/236 114/279/237 117/280/238
f 115/281/239 113/282/240 110/169/147
f 111/275/233 114/279/237 115/281/239
f 117/283/238 116/284/241 112/209/180
f 118/277/235 123/285/242 126/286/243
f 124/287/244 122/288/245 119/214/185
f 120/232/197 123/289/242 124/290/244
f 126/291/243 125/292/246 121/210/181
f 127/293/247 132/294/248 135/295/249
f 133/296/250 131/297/251 128/211/182
f 129/234/198 132/298/248 133/299/250
f 135/300/249 134/301/252 130/131/111
f 145/302/253 150/303/254 153/304/255
f 151/305/256 149/306/257 146/170/148
f 147/307/258 150/303/254 151/308/256
f 153/309/255 152/310/259 148/219/190
f 154/311/260 159/312/261 162/313/262
f 160/314/263 158/315/264 155/130/110
f 156/316/265 159/317/261 160/318/263
f 162/313/262 161/319/266 157/220/191
f 163/139/119 168/320/267 171/321/268
f 169/322/269 167/323/270 164/221/192
f 165/174/150 168/324/267 169/325/269
f 171/326/268 170/327/271 166/216/187
f 181/328/272 186/329/273 189/330/274
f 187/331/275 185/332/276 182/333/277
f 183/180/153 186/329/273 187/334/275
f 189/335/274 188/336/278 184/132/112
f 190/179/152 195/337/279 198/338/280
f 196/339/281 194/340/282 191/231/195
f 192/341/283 195/342/279 196/343/281
f 198/344/280 197/345/284 193/133/113
f 199/276/234 204/346/285 207/347/286
f 205/348/287 203/349/288 200/134/114
f 201/224/193 204/350/285 205/351/287
f 207/352/286 206/353/289 202/212/183
f 217/178/151 222/354/290 225/355/291
f 223/356/292 221/357/293 218/168/146
f 219/138/118 222/354/290 223/356/292
f 225/358/291 224/359/294 220/246/207
f 226/140/120 231/360/295 234/361/296
f 232/362/297 230/363/298 227/218/189
f 228/183/156 231/364/295 232/365/297
f 234/366/296 233/367/299 229/247/208
f 235/368/300 240/369/301 243/370/302
f 241/371/303 239/372/304 236/248/209
f 237/373/305 240/374/301 241/375/303
f 243/376/302 242/377/306 238/130/196
f 301/265/226 306/378/307 309/379/308
f 307/380/309 305/381/310 302/382/311
f 303/249/210 306/383/307 307/384/309
f 309/379/308 308/385/312 304/252/213
f 310/251/212 315/386/313 318/387/314
f 311/158/137 315/388/313 314/389/315
f 312/390/316 315/391/313 316/392/317
f 318/393/314 317/394/318 313/253/214
f 319/266/227 324/395/319 327/396/320
f 325/397/321 323/398/322 320/254/215
f 321/200/171 324/395/319 325/399/321
f 327/400/320 326/401/323 322/402/324
f 328/191/164 333/403/325 336/404/326
f 334/405/327 332/406/328 329/236/199
f 330/407/329 333/408/325 334/409/327
f 336/410/326 335/411/330 331/162/140
f 337/264/225 342/412/331 345/413/332
f 343/414/333 341/415/334 338/261/222
f 339/205/176 342/412/331 343/414/333
f 345/416/332 344/417/335 340/163/141
f 346/418/336 351/419/337 354/420/338
f 352/421/339 350/422/340 347/164/142
f 348/204/175 351/423/337 352/424/339
f 349/425/341 351/426/337 353/427/342
f 355/149/128 360/428/343 363/429/344
f 356/272/231 360/430/343 359/431/345
f 357/432/346 360/433/343 361/434/347
f 363/435/344 362/436/348 358/255/216
f 364/203/174 369/437/349 372/438/350
f 370/439/351 368/440/352 365/263/224
f 366/208/179 369/437/349 370/439/351
f 372/438/350 371/441/353 367/256/217
f 373/147/126 378/442/354 381/406/355
f 379/443/356 377/444/357 374/257/218
f 375/207/178 378/445/354 379/446/356
f 381/447/355 380/448/358 376/449/359
f 382/197/169 387/450/360 390/451/361
f 388/452/362 386/453/363 383/238/200
f 384/454/364 387/455/360 388/456/362
f 390/457/361 389/458/365 385/258/219
f 391/206/177 396/459/366 399/460/367
f 397/461/368 395/462/369 392/262/223
f 393/202/173 396/459/366 397/463/368
f 399/464/367 398/465/370 394/259/220
f 400/466/371 405/467/372 408/468/373
f 406/469/374 404/470/375 401/260/221
f 402/201/172 405/471/372 406/472/374
f 403/473/376 405/474/372 407/475/377
f 127/293/247 117/280/238 131/476/251
f 117/280/238 128/211/182 131/476/251
f 118/277/235 116/477/241 111/275/233
f 116/477/241 121/210/181 112/209/180
f 129/234/198 125/478/246 120/232/197
f 133/296/250 121/210/181 125/292/246
f 140/146/125 144/479/378 141/480/379
f 141/481/379 143/143/123 139/142/122
f 145/302/253 167/482/270 163/139/119
f 153/309/255 164/221/192 167/482/270
f 147/307/258 162/313/262 152/483/259
f 152/483/259 157/220/191 148/219/190
f 156/316/265 169/325/269 161/484/266
f 161/319/266 164/221/192 157/220/191
f 172/144/124 180/485/380 179/230/381
f 174/486/382 178/152/131 180/487/380
f 181/328/272 203/488/288 199/276/234
f 189/489/274 200/134/114 203/488/288
f 183/180/153 198/344/280 188/336/278
f 188/336/278 193/133/113 184/132/112
f 192/341/283 205/351/287 197/490/284
f 197/345/284 200/134/114 193/133/113
f 208/153/132 216/491/383 215/129/384
f 210/492/385 214/229/194 216/493/383
f 235/368/300 225/358/291 239/372/304
f 225/358/291 236/248/209 239/372/304
f 226/140/120 224/359/294 219/138/118
f 224/359/294 229/247/208 220/246/207
f 237/373/305 233/494/299 228/183/156
f 241/371/303 229/247/208 233/367/299
f 251/155/134 246/495/386 252/496/387
f 252/497/387 245/182/155 250/223/158
f 254/190/163 258/498/388 255/499/389
f 255/500/389 257/501/390 253/267/228
f 260/502/203 264/503/391 261/504/392
f 261/505/392 263/269/211 259/268/149
f 265/188/161 276/506/393 275/215/186
f 267/500/394 274/167/145 276/507/393
f 271/244/205 270/508/395 269/509/230
f 273/510/396 268/511/165 270/512/395
f 278/196/168 282/513/397 279/514/398
f 279/515/398 281/516/160 277/273/232
f 284/517/206 288/518/399 285/519/400
f 285/520/400 287/274/127 283/186/159
f 289/194/166 300/521/401 299/522/154
f 291/523/402 298/161/139 300/521/401
f 295/241/202 294/524/403 293/525/136
f 297/526/404 292/527/170 294/528/403
f 319/266/227 309/379/308 323/398/322
f 309/379/308 320/254/215 323/398/322
f 310/251/212 308/529/312 303/249/210
f 318/393/314 304/252/213 308/385/312
f 312/390/316 325/399/321 317/530/318
f 317/530/318 320/254/215 313/253/214
f 346/418/336 336/404/326 350/531/340
f 350/422/340 331/162/140 347/164/142
f 330/407/329 345/413/332 335/411/330
f 335/411/330 340/163/141 331/162/140
f 348/204/175 344/532/335 339/205/176
f 352/533/339 340/163/141 344/532/335
f 355/149/128 377/534/357 373/147/126
f 363/435/344 374/257/218 377/444/357
f 357/432/346 372/438/350 362/436/348
f 362/436/348 367/256/217 358/255/216
f 366/208/179 379/535/356 371/536/353
f 379/535/356 367/256/217 371/536/353
f 400/466/371 390/451/361 404/537/375
f 404/470/375 385/258/219 401/260/221
f 384/454/364 399/464/367 389/458/365
f 389/458/365 394/259/220 385/258/219
f 402/201/172 398/538/370 393/202/173
f 406/539/374 394/259/220 398/538/370
f 110/169/147 151/305/256 146/170/148
f 113/540/240 147/307/258 151/305/256
f 155/130/110 135/300/249 130/131/111
f 158/541/264 127/293/247 135/295/249
f 136/213/184 124/287/244 119/214/185
f 124/287/244 137/542/121 120/232/197
f 142/129/109 134/301/252 144/543/378
f 144/544/378 129/234/198 143/233/123
f 176/243/204 170/545/271 177/546/405
f 170/545/271 175/176/130 177/546/405
f 179/154/381 160/314/263 155/130/110
f 180/547/380 156/316/265 160/318/263
f 218/168/146 149/548/257 223/356/292
f 223/356/292 145/302/253 219/138/118
f 166/216/187 230/363/298 171/326/268
f 171/321/268 226/140/120 163/139/119
f 244/230/133 242/377/306 246/549/386
f 246/549/386 237/373/305 245/182/155
f 247/217/188 232/362/297 227/218/189
f 232/365/297 248/184/157 228/183/156
f 218/168/146 187/550/275 182/333/277
f 221/357/293 183/180/153 187/550/275
f 191/231/195 243/376/302 238/130/196
f 194/551/282 235/368/300 243/370/302
f 212/240/201 206/353/289 213/552/406
f 206/553/289 211/226/117 213/554/406
f 215/145/384 196/339/281 191/231/195
f 216/543/383 192/341/283 196/339/281
f 110/169/147 185/555/276 115/281/239
f 115/281/239 181/328/272 111/275/233
f 202/212/183 122/288/245 207/352/286
f 207/347/286 118/277/235 199/276/234
f 136/556/184 261/557/392 138/558/407
f 138/558/407 259/171/149 137/173/121
f 140/153/125 258/559/388 256/560/162
f 141/561/379 257/501/390 258/562/388
f 176/243/204 273/563/396 271/244/205
f 177/564/405 272/166/144 273/563/396
f 172/155/124 276/565/393 174/566/382
f 174/561/382 274/167/145 173/177/129
f 208/146/132 300/567/401 210/568/385
f 210/568/385 298/161/139 209/135/115
f 212/240/201 297/569/404 295/241/202
f 213/570/406 296/136/116 297/571/404
f 251/144/134 282/572/397 280/195/167
f 252/566/387 281/187/160 282/572/397
f 247/573/188 285/574/400 249/575/408
f 249/576/408 283/186/159 248/577/157
f 338/261/222 327/578/320 322/402/324
f 341/415/334 319/266/227 327/578/320
f 302/382/311 334/405/327 329/236/199
f 305/579/310 330/407/329 334/409/327
f 338/261/222 368/440/352 343/414/333
f 368/440/352 339/205/176 343/414/333
f 349/425/341 361/580/347 356/272/231
f 353/581/342 357/432/346 361/434/347
f 392/262/223 370/439/351 365/263/224
f 395/582/369 366/208/179 370/439/351
f 376/449/359 388/452/362 383/238/200
f 380/583/358 384/454/364 388/456/362
f 392/262/223 326/401/323 397/461/368
f 326/401/323 393/202/173 397/461/368
f 403/473/376 316/584/317 311/158/137
f 407/585/377 312/390/316 316/392/317
f 383/238/200 291/586/402 289/239/166
f 386/453/363 290/199/138 291/586/402
f 293/157/136 408/587/373 403/473/376
f 294/588/403 400/466/371 408/468/373
f 302/382/311 255/589/389 307/380/309
f 307/384/309 253/590/228 303/249/210
f 262/156/135 314/389/315 264/591/391
f 264/591/391 310/251/212 263/250/211
f 329/236/199 267/592/394 265/237/161
f 332/593/328 266/193/143 267/594/394
f 269/271/230 354/420/338 349/425/341
f 270/595/395 346/418/336 354/420/338
f 376/449/359 279/596/398 381/597/355
f 381/597/355 277/598/232 373/147/126
f 286/270/229 359/431/345 288/599/399
f 288/600/399 355/149/128 287/148/127
f 109/278/236 154/311/260 147/307/258
f 142/129/109 179/154/381 155/130/110
f 209/135/115 298/161/139 296/136/116
f 219/138/118 145/302/253 163/139/119
f 172/144/124 179/230/381 142/145/109
f 373/147/126 277/598/232 287/148/127
f 208/153/132 215/129/384 244/154/133
f 262/156/135 260/502/203 293/157/136
f 293/157/136 403/473/376 311/158/137
f 290/159/138 292/527/170 296/160/116
f 266/165/143 268/511/165 272/166/144
f 218/168/146 182/333/277 110/169/147
f 259/171/149 257/501/390 139/172/122
f 165/174/150 156/316/265 178/175/131
f 272/166/144 175/601/130 173/177/129
f 217/178/151 235/368/300 190/179/152
f 251/144/134 280/195/167 299/181/154
f 245/182/155 237/373/305 228/183/156
f 250/185/158 248/577/157 283/186/159
f 265/188/161 275/215/186 256/189/162
f 328/191/164 346/418/336 268/192/165
f 289/194/166 299/522/154 280/195/167
f 382/197/169 400/466/371 292/198/170
f 321/200/171 312/390/316 402/201/172
f 364/203/174 357/432/346 348/204/175
f 391/206/177 384/454/364 375/207/178
f 202/212/183 212/240/201 136/213/184
f 140/153/125 256/560/162 275/215/186
f 166/216/187 176/243/204 247/217/188
f 201/224/193 192/341/283 214/225/194
f 244/230/133 215/145/384 191/231/195
f 120/232/197 137/542/121 143/233/123
f 254/235/163 302/382/311 329/236/199
f 278/237/168 376/449/359 383/238/200
f 260/242/203 136/556/184 212/240/201
f 295/241/202 293/525/136 260/242/203
f 284/245/206 247/573/188 176/243/204
f 271/244/205 269/509/230 284/245/206
f 303/249/210 253/590/228 263/250/211
f 338/261/222 322/402/324 392/262/223
f 337/264/225 330/407/329 301/265/226
f 253/267/228 257/501/390 259/268/149
f 286/270/229 284/517/206 269/271/230
f 269/271/230 349/425/341 356/272/231
f 277/273/232 281/516/160 283/186/159
f 111/275/233 181/328/272 199/276/234
f 109/278/236 113/602/240 114/279/237
f 115/281/239 114/279/237 113/282/240
f 111/275/233 116/603/241 114/279/237
f 117/283/238 114/279/237 116/284/241
f 118/277/235 122/604/245 123/285/242
f 124/287/244 123/605/242 122/288/245
f 120/232/197 125/478/246 123/289/242
f 126/291/243 123/606/242 125/292/246
f 127/293/247 131/476/251 132/294/248
f 133/296/250 132/607/248 131/297/251
f 129/234/198 134/318/252 132/298/248
f 135/300/249 132/608/248 134/301/252
f 145/302/253 149/548/257 150/303/254
f 151/305/256 150/303/254 149/306/257
f 147/307/258 152/483/259 150/303/254
f 153/309/255 150/303/254 152/310/259
f 154/311/260 158/541/264 159/312/261
f 160/314/263 159/609/261 158/315/264
f 156/316/265 161/484/266 159/317/261
f 162/313/262 159/610/261 161/319/266
f 163/139/119 167/482/270 168/320/267
f 169/322/269 168/611/267 167/323/270
f 165/174/150 170/545/271 168/324/267
f 171/326/268 168/612/267 170/327/271
f 181/328/272 185/555/276 186/329/273
f 187/331/275 186/329/273 185/332/276
f 183/180/153 188/613/278 186/329/273
f 189/335/274 186/329/273 188/336/278
f 190/179/152 194/551/282 195/337/279
f 196/339/281 195/614/279 194/340/282
f 192/341/283 197/490/284 195/342/279
f 198/344/280 195/615/279 197/345/284
f 199/276/234 203/616/288 204/346/285
f 205/348/287 204/617/285 203/349/288
f 201/224/193 206/553/289 204/350/285
f 207/352/286 204/618/285 206/353/289
f 217/178/151 221/357/293 222/354/290
f 223/356/292 222/354/290 221/357/293
f 219/138/118 224/359/294 222/354/290
f 225/358/291 222/354/290 224/359/294
f 226/140/120 230/619/298 231/360/295
f 232/362/297 231/620/295 230/363/298
f 228/183/156 233/494/299 231/364/295
f 234/366/296 231/621/295 233/367/299
f 235/368/300 239/622/304 240/369/301
f 241/371/303 240/623/301 239/372/304
f 237/373/305 242/377/306 240/374/301
f 243/376/302 240/624/301 242/377/306
f 301/265/226 305/579/310 306/378/307
f 307/380/309 306/625/307 305/381/310
f 303/249/210 308/529/312 306/383/307
f 309/379/308 306/626/307 308/385/312
f 310/251/212 314/389/315 315/386/313
f 311/158/137 316/584/317 315/388/313
f 312/390/316 317/627/318 315/391/313
f 318/393/314 315/628/313 317/394/318
f 319/266/227 323/398/322 324/395/319
f 325/397/321 324/395/319 323/398/322
f 321/200/171 326/401/323 324/395/319
f 327/400/320 324/395/319 326/401/323
f 328/191/164 332/593/328 333/403/325
f 334/405/327 333/629/325 332/406/328
f 330/407/329 335/630/330 333/408/325
f 336/410/326 333/631/325 335/411/330
f 337/264/225 341/415/334 342/412/331
f 343/414/333 342/412/331 341/415/334
f 339/205/176 344/632/335 342/412/331
f 345/416/332 342/412/331 344/417/335
f 346/418/336 350/531/340 351/419/337
f 352/421/339 351/633/337 350/422/340
f 348/204/175 353/581/342 351/423/337
f 349/425/341 354/634/338 351/426/337
f 355/149/128 359/635/345 360/428/343
f 356/272/231 361/580/347 360/430/343
f 357/432/346 362/436/348 360/433/343
f 363/435/344 360/636/343 362/436/348
f 364/203/174 368/440/352 369/437/349
f 370/439/351 369/437/349 368/440/352
f 366/208/179 371/536/353 369/437/349
f 372/438/350 369/437/349 371/441/353
f 373/147/126 377/534/357 378/442/354
f 379/443/356 378/637/354 377/444/357
f 375/207/178 380/583/358 378/445/354
f 381/447/355 378/638/354 380/448/358
f 382/197/169 386/639/363 387/450/360
f 388/452/362 387/640/360 386/453/363
f 384/454/364 389/458/365 387/455/360
f 390/457/361 387/641/360 389/458/365
f 391/206/177 395/642/369 396/459/366
f 397/461/368 396/459/366 395/462/369
f 393/202/173 398/643/370 396/459/366
f 399/464/367 396/459/366 398/465/370
f 400/466/371 404/537/375 405/467/372
f 406/469/374 405/644/372 404/470/375
f 402/201/172 407/585/377 405/471/372
f 403/473/376 408/587/373 405/474/372
f 127/293/247 109/278/236 117/280/238
f 117/280/238 112/209/180 128/211/182
f 118/277/235 126/645/243 116/477/241
f 116/477/241 126/645/243 121/210/181
f 129/234/198 133/299/250 125/478/246
f 133/296/250 128/211/182 121/210/181
f 140/146/125 142/145/109 144/479/378
f 141/481/379 144/646/378 143/143/123
f 145/302/253 153/309/255 167/482/270
f 153/309/255 148/219/190 164/221/192
f 147/307/258 154/311/260 162/313/262
f 152/483/259 162/313/262 157/220/191
f 156/316/265 165/174/150 169/325/269
f 161/319/266 169/322/269 164/221/192
f 172/144/124 174/647/382 180/485/380
f 174/486/382 173/150/129 178/152/131
f 181/328/272 189/489/274 203/488/288
f 189/489/274 184/132/112 200/134/114
f 183/180/153 190/179/152 198/344/280
f 188/336/278 198/344/280 193/133/113
f 192/341/283 201/224/193 205/351/287
f 197/345/284 205/348/287 200/134/114
f 208/153/132 210/648/385 216/491/383
f 210/492/385 209/227/115 214/229/194
f 235/368/300 217/178/151 225/358/291
f 225/358/291 220/246/207 236/248/209
f 226/140/120 234/366/296 224/359/294
f 224/359/294 234/366/296 229/247/208
f 237/373/305 241/375/303 233/494/299
f 241/371/303 236/248/209 229/247/208
f 251/155/134 244/154/133 246/495/386
f 252/497/387 246/649/386 245/182/155
f 254/190/163 256/189/162 258/498/388
f 255/500/389 258/507/388 257/501/390
f 260/502/203 262/156/135 264/503/391
f 261/505/392 264/650/391 263/269/211
f 265/188/161 267/651/394 276/506/393
f 267/500/394 266/165/143 274/167/145
f 271/244/205 273/652/396 270/508/395
f 273/510/396 272/166/144 268/511/165
f 278/196/168 280/195/167 282/513/397
f 279/515/398 282/513/397 281/516/160
f 284/517/206 286/270/229 288/518/399
f 285/520/400 288/653/399 287/274/127
f 289/194/166 291/654/402 300/521/401
f 291/523/402 290/159/138 298/161/139
f 295/241/202 297/655/404 294/524/403
f 297/526/404 296/160/116 292/527/170
f 319/266/227 301/265/226 309/379/308
f 309/379/308 304/252/213 320/254/215
f 310/251/212 318/387/314 308/529/312
f 318/393/314 313/253/214 304/252/213
f 312/390/316 321/200/171 325/399/321
f 317/530/318 325/399/321 320/254/215
f 346/418/336 328/191/164 336/404/326
f 350/422/340 336/410/326 331/162/140
f 330/407/329 337/264/225 345/413/332
f 335/411/330 345/413/332 340/163/141
f 348/204/175 352/533/339 344/532/335
f 352/533/339 347/164/142 340/163/141
f 355/149/128 363/429/344 377/534/357
f 363/435/344 358/255/216 374/257/218
f 357/432/346 364/203/174 372/438/350
f 362/436/348 372/438/350 367/256/217
f 366/208/179 375/207/178 379/535/356
f 379/535/356 374/257/218 367/256/217
f 400/466/371 382/197/169 390/451/361
f 404/470/375 390/457/361 385/258/219
f 384/454/364 391/206/177 399/464/367
f 389/458/365 399/464/367 394/259/220
f 402/201/172 406/539/374 398/538/370
f 406/539/374 401/260/221 394/259/220
f 110/169/147 113/540/240 151/305/256
f 113/540/240 109/278/236 147/307/258
f 155/130/110 158/315/264 135/300/249
f 158/541/264 154/311/260 127/293/247
f 136/213/184 138/656/407 124/287/244
f 124/287/244 138/656/407 137/542/121
f 142/129/109 130/131/111 134/301/252
f 144/544/378 134/318/252 129/234/198
f 176/243/204 166/216/187 170/545/271
f 170/545/271 165/174/150 175/176/130
f 179/154/381 180/549/380 160/314/263
f 180/547/380 178/175/131 156/316/265
f 218/168/146 146/170/148 149/548/257
f 223/356/292 149/548/257 145/302/253
f 166/216/187 227/218/189 230/363/298
f 171/321/268 230/619/298 226/140/120
f 244/230/133 238/130/196 242/377/306
f 246/549/386 242/377/306 237/373/305
f 247/217/188 249/657/408 232/362/297
f 232/365/297 249/658/408 248/184/157
f 218/168/146 221/357/293 187/550/275
f 221/357/293 217/178/151 183/180/153
f 191/231/195 194/340/282 243/376/302
f 194/551/282 190/179/152 235/368/300
f 212/240/201 202/212/183 206/353/289
f 206/553/289 201/224/193 211/226/117
f 215/145/384 216/543/383 196/339/281
f 216/543/383 214/225/194 192/341/283
f 110/169/147 182/333/277 185/555/276
f 115/281/239 185/555/276 181/328/272
f 202/212/183 119/214/185 122/288/245
f 207/347/286 122/604/245 118/277/235
f 136/556/184 260/242/203 261/557/392
f 138/558/407 261/557/392 259/171/149
f 140/153/125 141/568/379 258/559/388
f 141/561/379 139/172/122 257/501/390
f 176/243/204 177/564/405 273/563/396
f 177/564/405 175/601/130 272/166/144
f 172/155/124 275/215/186 276/565/393
f 174/561/382 276/659/393 274/167/145
f 208/146/132 299/181/154 300/567/401
f 210/568/385 300/567/401 298/161/139
f 212/240/201 213/660/406 297/569/404
f 213/570/406 211/137/117 296/136/116
f 251/144/134 252/566/387 282/572/397
f 252/566/387 250/185/158 281/187/160
f 247/573/188 284/245/206 285/574/400
f 249/576/408 285/661/400 283/186/159
f 338/261/222 341/415/334 327/578/320
f 341/415/334 337/264/225 319/266/227
f 302/382/311 305/381/310 334/405/327
f 305/579/310 301/265/226 330/407/329
f 338/261/222 365/263/224 368/440/352
f 368/440/352 364/203/174 339/205/176
f 349/425/341 353/427/342 361/580/347
f 353/581/342 348/204/175 357/432/346
f 392/262/223 395/582/369 370/439/351
f 395/582/369 391/206/177 366/208/179
f 376/449/359 380/448/358 388/452/362
f 380/583/358 375/207/178 384/454/364
f 392/262/223 322/402/324 326/401/323
f 326/401/323 321/200/171 393/202/173
f 403/473/376 407/475/377 316/584/317
f 407/585/377 402/201/172 312/390/316
f 383/238/200 386/453/363 291/586/402
f 386/453/363 382/197/169 290/199/138
f 293/157/136 294/662/403 408/587/373
f 294/588/403 292/198/170 400/466/371
f 302/382/311 254/235/163 255/589/389
f 307/384/309 255/663/389 253/590/228
f 262/156/135 311/158/137 314/389/315
f 264/591/391 314/389/315 310/251/212
f 329/236/199 332/406/328 267/592/394
f 332/593/328 328/191/164 266/193/143
f 269/271/230 270/595/395 354/420/338
f 270/595/395 268/192/165 346/418/336
f 376/449/359 278/237/168 279/596/398
f 381/597/355 279/596/398 277/598/232
f 286/270/229 356/272/231 359/431/345
f 288/600/399 359/635/345 355/149/128
f 109/278/236 127/293/247 154/311/260
g Cube.003_Mesh
v 2.525135 0.736501 -0.875748
v 2.525469 0.736168 -0.875748
v 2.525469 0.736501 -0.875414
v 2.525233 0.736266 -0.875748
v 2.525276 0.736309 -0.875555
v 2.525469 0.736266 -0.875512
v 2.525233 0.736501 -0.875512
v 2.525135 0.792103 -0.875414
v 2.525469 0.792437 -0.875414
v 2.525233 0.792339 -0.875414
v 2.525469 0.736168 -0.883487
v 2.525135 0.736501 -0.883487
v 2.525469 0.736501 -0.883821
v 2.525233 0.736266 -0.883487
v 2.525276 0.736309 -0.883680
v 2.525233 0.736501 -0.883723
v 2.525469 0.736266 -0.883723
v 2.525135 0.792103 -0.883487
v 2.525469 0.792437 -0.883487
v 2.525469 0.792103 -0.883821
v 2.525233 0.792339 -0.883487
v 2.525276 0.792296 -0.883680
v 2.525469 0.792339 -0.883723
v 2.525233 0.792103 -0.883723
v 2.557272 0.736168 -0.875748
v 2.557606 0.736501 -0.875748
v 2.557272 0.736501 -0.875414
v 2.557508 0.736266 -0.875748
v 2.557465 0.736309 -0.875555
v 2.557508 0.736501 -0.875512
v 2.557272 0.736266 -0.875512
v 2.557272 0.792437 -0.875414
v 2.557606 0.792103 -0.875414
v 2.557508 0.792339 -0.875414
v 2.557272 0.736168 -0.883487
v 2.557272 0.736501 -0.883821
v 2.557606 0.736501 -0.883487
v 2.557272 0.736266 -0.883723
v 2.557465 0.736309 -0.883680
v 2.557508 0.736501 -0.883723
v 2.557508 0.736266 -0.883487
v 2.557272 0.792103 -0.883821
v 2.557272 0.792437 -0.883487
v 2.557606 0.792103 -0.883487
v 2.557272 0.792339 -0.883723
v 2.557465 0.792296 -0.883680
v 2.557508 0.792339 -0.883487
v 2.557508 0.792103 -0.883723
v 2.525469 0.785704 -0.875414
v 2.525469 0.786037 -0.875081
v 2.525135 0.786370 -0.875748
v 2.525469 0.785939 -0.875317
v 2.525276 0.786037 -0.875414
v 2.525233 0.786135 -0.875414
v 2.525233 0.786037 -0.875512
v 2.525135 0.786037 -0.883487
v 2.525469 0.786037 -0.883821
v 2.525233 0.786037 -0.883723
v 2.557272 0.786037 -0.883821
v 2.557606 0.786037 -0.883487
v 2.557508 0.786037 -0.883723
v 2.557606 0.786370 -0.875748
v 2.557272 0.786037 -0.875081
v 2.557272 0.785704 -0.875414
v 2.557508 0.786135 -0.875414
v 2.557465 0.786037 -0.875414
v 2.557272 0.785939 -0.875317
v 2.557508 0.786037 -0.875512
v 2.525135 0.786370 -0.852704
v 2.525469 0.786037 -0.852704
v 2.524748 0.785793 -0.852335
v 2.525233 0.786135 -0.852704
v 2.525116 0.786059 -0.852505
v 2.525069 0.785965 -0.852457
v 2.525022 0.786099 -0.852458
v 2.524748 0.792680 -0.852335
v 2.525469 0.792437 -0.852704
v 2.525135 0.792103 -0.852704
v 2.525069 0.792508 -0.852457
v 2.525116 0.792414 -0.852505
v 2.525233 0.792339 -0.852704
v 2.525022 0.792374 -0.852458
v 2.557992 0.792680 -0.852335
v 2.557606 0.792103 -0.852704
v 2.557272 0.792437 -0.852704
v 2.557719 0.792374 -0.852458
v 2.557625 0.792414 -0.852505
v 2.557508 0.792339 -0.852704
v 2.557672 0.792508 -0.852457
v 2.557992 0.785793 -0.852335
v 2.557272 0.786037 -0.852704
v 2.557606 0.786370 -0.852704
v 2.557672 0.785965 -0.852457
v 2.557625 0.786059 -0.852505
v 2.557508 0.786135 -0.852704
v 2.557719 0.786099 -0.852458
v 2.512102 0.777839 -0.851183
v 2.512048 0.777929 -0.851147
v 2.512031 0.777915 -0.851158
v 2.512048 0.800544 -0.851147
v 2.512102 0.800634 -0.851183
v 2.512031 0.800559 -0.851158
v 2.570693 0.800544 -0.851147
v 2.570639 0.800634 -0.851183
v 2.570710 0.800559 -0.851158
v 2.570693 0.777929 -0.851147
v 2.570639 0.777839 -0.851183
v 2.570710 0.777915 -0.851158
vn 0.0278 0.9498 -0.3118
vn 0.0030 1.0000 -0.0000
vn 0.0027 0.9999 -0.0115
vn 0.9685 -0.1792 -0.1728
vn 0.9999 -0.0017 0.0120
vn 0.9999 -0.0017 -0.0119
vn 0.9988 0.0240 -0.0424
vn 0.9997 -0.0193 -0.0121
vn 0.9913 -0.0979 0.0882
vn -0.0671 -0.1852 -0.9804
vn -0.0313 0.0967 -0.9948
vn -0.0286 0.1000 -0.9946
vn -0.0248 -0.2684 0.9630
vn -0.0020 -0.0009 1.0000
vn 0.0025 -0.0014 1.0000
vn -0.0397 0.9928 0.1127
vn -0.0002 1.0000 0.0035
vn -0.9714 0.1601 0.1751
vn -0.9997 -0.0197 -0.0119
vn -0.9999 0.0144 -0.0032
vn 0.9881 -0.0545 -0.1439
vn -0.0367 -0.0155 -0.9992
vn 0.0030 -0.0000 -1.0000
vn -0.0046 -0.0000 -1.0000
vn -0.0259 -0.9491 -0.3138
vn -0.0024 -0.9999 0.0116
vn -0.0028 -0.9999 -0.0120
vn 0.0983 -0.0586 0.9934
vn 0.0029 0.0033 1.0000
vn -0.0015 0.0015 1.0000
vn -0.9923 -0.1115 0.0547
vn -0.9998 0.0150 -0.0111
vn -0.9999 -0.0000 -0.0163
vn 0.2102 -0.9678 -0.1385
vn 0.0030 -1.0000 0.0072
vn 0.0042 -1.0000 -0.0003
vn 0.0023 -0.0012 -1.0000
vn -0.0028 -0.0017 -1.0000
vn 0.0313 -0.0967 -0.9948
vn 0.4066 -0.5089 0.7588
vn 0.0247 0.1121 -0.9934
vn 0.0130 0.0551 -0.9984
vn 0.1172 -0.1865 -0.9754
vn -0.9853 -0.1576 -0.0655
vn -0.5773 -0.5774 0.5774
vn -0.7067 0.0214 0.7072
vn -0.8054 -0.5768 0.1361
vn -0.1356 -0.8092 0.5717
vn -0.5773 -0.5774 -0.5774
vn 0.0207 -0.7057 -0.7082
vn -0.9829 0.0665 -0.1719
vn -0.5768 -0.8054 -0.1362
vn -0.8097 -0.1355 -0.5710
vn -0.5774 0.5773 -0.5774
vn -0.7059 -0.0106 -0.7082
vn -0.8068 0.5750 -0.1359
vn -0.1356 0.8092 -0.5716
vn 0.1724 -0.8940 0.4136
vn 0.5773 -0.5774 0.5774
vn -0.0207 -0.7057 0.7082
vn 0.5768 -0.8054 0.1362
vn 0.8096 -0.1369 0.5708
vn 0.5773 -0.5774 -0.5774
vn 0.7082 -0.7059 0.0142
vn 0.1356 -0.8092 -0.5717
vn 0.5692 -0.1354 -0.8110
vn 0.4119 0.1575 -0.8975
vn 0.5774 0.5773 -0.5774
vn 0.7082 -0.0106 -0.7059
vn 0.1356 0.5717 -0.8092
vn 0.5766 0.8056 -0.1361
vn -0.3673 -0.3861 0.8462
vn -0.7786 -0.4437 0.4437
vn -0.7412 -0.0427 0.6699
vn -0.3537 -0.8860 0.2998
vn -0.9906 -0.1362 0.0086
vn 0.8559 -0.4977 -0.1405
vn 0.7432 -0.0366 0.6680
vn 0.7786 -0.4437 0.4437
vn 0.3536 -0.2998 0.8861
vn -0.5394 -0.3310 -0.7743
vn -0.6717 -0.0212 -0.7405
vn -0.3267 -0.8580 -0.3965
vn -0.0794 0.0894 -0.9928
vn 0.2847 0.5672 -0.7728
vn -0.6662 0.0229 -0.7455
vn -0.3652 0.8844 -0.2906
vn -0.5394 0.3310 -0.7743
vn -0.8842 0.3752 -0.2783
vn 0.5374 -0.0770 -0.8398
vn 0.0137 0.8161 -0.5777
vn 0.8301 0.4032 -0.3851
vn 0.5394 0.3310 -0.7743
vn 0.3265 0.8568 -0.3991
vn -0.2847 -0.5672 -0.7728
vn 0.6707 -0.0190 -0.7415
vn 0.3652 -0.8844 -0.2905
vn 0.5394 -0.3310 -0.7743
vn 0.8836 -0.3746 -0.2810
vn -0.7071 0.7071 -0.0000
vn -0.7071 -0.0000 -0.7071
vn 0.7071 -0.0000 -0.7071
vn 0.7071 0.7071 -0.0000
vn -0.1785 0.4499 0.8751
vn -0.1449 -0.4360 0.8882
vn 0.1645 0.4444 0.8806
vn 0.1648 -0.4434 0.8810
vn -0.0002 0.0005 1.0000
vt 0.217396 0.741397
vt 0.782604 0.597923
vt 0.782604 0.741397
vt 0.741397 0.649295
vt 0.603847 -0.231047
vt 0.741397 -0.231047
vt 0.597923 0.757105
vt -0.097836 0.655219
vt 0.608135 0.655219
vt -0.108048 0.649295
vt -0.108048 0.763029
vt 0.782604 0.643371
vt 0.217396 -0.231047
vt 0.782604 -0.231047
vt 0.217396 0.597923
vt 0.782604 -0.097836
vt 0.782604 0.597923
vt -0.097836 0.757105
vt 0.741397 0.757105
vt 0.603847 0.655219
vt 0.217396 0.757105
vt 0.782604 0.649295
vt 0.217396 0.649295
vt 0.217396 0.603847
vt 0.785285 0.761400
vt 0.214715 0.650923
vt 0.785285 0.650923
vt 0.741397 0.757105
vt 0.782604 0.587711
vt 0.217396 -0.097836
vt 0.217396 0.587711
vt 0.217396 0.649295
vt 0.217396 -0.231047
vt 0.211472 -0.108048
vt 0.788528 -0.108048
vt 0.788528 -0.108048
vt 0.600427 -0.236971
vt 0.597923 -0.231047
vt 0.213975 0.597923
vt 0.211472 0.603847
vt 0.211472 -0.234468
vt 0.217396 -0.236971
vt 0.211472 0.744817
vt 0.217396 0.747321
vt 0.741397 -0.231047
vt 0.747321 -0.234468
vt 0.741397 -0.236971
vt 0.213975 -0.236971
vt 0.211472 -0.231047
vt 0.744817 0.763029
vt 0.747321 0.757105
vt 0.213975 0.747321
vt 0.211472 0.741397
vt 0.211472 0.760525
vt 0.217396 0.763029
vt 0.782604 0.603847
vt 0.788528 0.600427
vt 0.597923 -0.234468
vt 0.603847 -0.236971
vt 0.786025 -0.236971
vt 0.788528 -0.231047
vt 0.786025 0.747321
vt 0.788528 0.741397
vt 0.788528 -0.234468
vt 0.782604 -0.236971
vt 0.744817 -0.236971
vt 0.747321 -0.231047
vt 0.782604 0.757105
vt 0.786025 0.763029
vt 0.788528 0.757105
vt 0.788528 0.744817
vt 0.782604 0.747321
vt 0.747321 0.760525
vt 0.741397 0.763029
vt 0.217396 0.643371
vt 0.213975 0.649295
vt 0.211472 0.649295
vt 0.211472 0.597923
vt 0.597923 0.649295
vt 0.597923 0.649295
vt 0.786025 0.597923
vt 0.788528 0.597923
vt 0.788528 0.649295
vt -0.103914 0.649295
vt -0.108048 0.650401
vt 0.211472 -0.097836
vt 0.210821 -0.108048
vt 0.211472 -0.103914
vt -0.108048 0.762630
vt -0.097836 0.763029
vt -0.108048 0.761923
vt -0.103914 0.763029
vt -0.108048 0.761923
vt 0.788528 -0.097836
vt 0.789179 -0.108048
vt 0.788528 -0.103914
vt -0.108048 0.649694
vt -0.097836 0.649295
vt 0.603847 -0.236971
vt 0.217396 0.597923
vt 0.597923 0.763029
vt 0.747321 0.649295
vt 0.217396 -0.236971
vt 0.782604 0.763029
vt 0.782604 0.649295
vt 0.788528 0.603847
vt 0.741397 -0.236971
vt 0.782604 -0.236971
vt 0.211472 -0.231047
vt 0.211472 0.757105
vt 0.747321 0.757105
vt 0.211472 0.761472
vt 0.211472 0.650852
vt -0.108048 0.761472
vt -0.108048 0.650852
vt 0.785456 -0.108048
vt 0.214544 0.763029
vt 0.785456 0.763029
vt 0.788528 0.761472
vt -0.108048 0.650852
vt 0.785456 0.649295
vt 0.214544 -0.108048
vt 0.214715 0.761400
vt 0.741397 0.763029
vt 0.597923 -0.231047
vt 0.214544 -0.108048
vt 0.788528 0.650852
vt 0.214544 0.649295
s 1
g Cube.003_metal
usemtl metal
f 427/664/409 440/665/410 451/666/411
f 468/667/412 434/668/413 445/669/414
f 441/670/415 500/671/416 470/672/417
f 479/673/418 509/674/419 484/674/420
f 472/675/421 411/676/422 435/677/423
f 417/678/424 493/679/425 440/680/410
f 416/670/426 477/671/427 486/681/428
f 452/682/429 470/683/417 468/667/412
f 428/684/430 467/685/431 465/686/432
f 443/666/433 410/687/434 419/664/435
f 511/688/436 506/689/437 514/690/438
f 459/683/439 426/691/440 464/667/441
f 471/692/442 478/693/443 458/694/444
f 465/695/432 444/677/445 421/696/446
f 479/697/418 515/698/447 505/697/448
f 491/698/449 509/697/419 512/699/450
f 491/674/449 515/673/447 498/673/451
f 409/668/452 413/700/453 415/701/454
f 410/687/434 413/702/453 412/703/455
f 411/676/422 413/704/453 414/705/456
f 419/664/435 423/706/457 425/707/458
f 420/708/459 423/709/457 422/710/460
f 421/696/446 423/711/457 424/712/461
f 426/691/440 430/713/462 432/714/463
f 427/664/409 430/715/462 429/716/464
f 428/684/430 430/717/462 431/718/465
f 433/719/466 437/720/467 439/665/468
f 434/668/413 437/721/467 436/722/469
f 435/677/423 437/723/467 438/724/470
f 443/666/433 447/725/471 449/726/472
f 444/677/445 447/727/471 446/728/473
f 445/669/414 447/729/471 448/730/474
f 450/731/475 454/732/476 456/733/477
f 451/666/411 454/734/476 453/735/478
f 452/682/429 454/736/476 455/737/479
f 457/738/480 461/739/481 463/740/482
f 458/694/444 461/741/481 460/678/483
f 463/742/482 462/743/484 459/683/439
f 473/743/485 476/743/486 470/672/417
f 471/692/442 474/744/487 473/745/485
f 472/675/421 474/746/487 475/685/488
f 477/671/427 481/747/489 483/748/490
f 478/693/443 481/697/489 480/749/491
f 483/748/490 482/673/492 479/673/418
f 487/697/493 490/750/494 484/697/420
f 485/693/495 488/751/496 487/697/493
f 486/681/428 488/752/496 489/753/497
f 494/754/498 497/674/499 491/674/449
f 492/681/500 495/755/501 494/756/498
f 493/679/425 495/698/501 496/757/502
f 501/698/503 504/758/504 498/699/451
f 499/679/505 502/759/506 501/698/503
f 500/671/416 502/760/506 503/761/507
f 410/687/434 422/716/460 419/664/435
f 412/762/455 420/708/459 422/710/460
f 427/664/409 418/741/508 417/763/424
f 418/764/508 426/691/440 416/670/426
f 421/696/446 466/740/509 465/695/432
f 424/730/461 464/667/441 466/765/509
f 419/664/435 446/735/473 443/666/433
f 425/766/458 444/677/445 446/728/473
f 451/666/411 431/707/465 427/664/409
f 453/767/478 428/684/430 431/718/465
f 445/669/414 469/765/510 468/667/412
f 469/746/510 444/677/445 467/768/431
f 443/666/433 436/769/469 433/719/466
f 449/770/472 434/668/413 436/722/469
f 440/665/410 455/726/479 451/666/411
f 442/764/511 452/682/429 455/737/479
f 472/675/421 438/724/470 476/746/486
f 476/743/486 434/668/413 470/683/417
f 433/719/466 414/678/456 410/687/434
f 439/771/468 411/676/422 414/705/456
f 457/738/480 415/772/454 411/676/422
f 463/742/482 409/668/452 415/701/454
f 465/686/432 432/773/463 428/684/430
f 432/714/463 464/667/441 426/691/440
f 468/667/412 456/774/477 452/682/429
f 456/733/477 467/685/431 450/731/475
f 458/694/444 475/665/488 471/692/442
f 460/686/483 472/675/421 475/685/488
f 484/674/420 483/748/490 479/673/418
f 483/748/490 486/681/428 477/671/427
f 485/693/495 497/698/499 493/679/425
f 487/697/493 491/698/449 497/698/499
f 491/674/449 504/748/504 494/754/498
f 504/748/504 492/681/500 494/754/498
f 479/697/418 501/698/503 498/699/451
f 482/697/492 499/679/505 501/698/503
f 500/671/416 473/743/485 470/672/417
f 503/757/507 471/692/442 473/745/485
f 477/671/427 462/743/484 480/761/491
f 480/749/491 458/694/444 478/693/443
f 417/678/424 489/749/497 485/693/495
f 418/764/508 486/681/428 489/753/497
f 493/679/425 442/745/511 440/680/410
f 496/753/502 441/670/415 442/764/511
f 506/689/437 510/775/512 507/776/513
f 510/777/512 505/673/448 507/778/513
f 509/697/419 513/779/514 512/699/450
f 510/780/512 511/688/436 513/781/514
f 514/690/438 513/782/514 511/688/436
f 516/783/515 512/674/450 513/777/514
f 506/689/437 516/784/515 514/690/438
f 507/785/513 515/698/447 516/779/515
f 409/668/452 464/667/441 420/708/459
f 427/664/409 417/763/424 440/665/410
f 468/667/412 470/683/417 434/668/413
f 441/670/415 492/681/500 500/671/416
f 479/673/418 505/673/448 509/674/419
f 472/675/421 457/738/480 411/676/422
f 417/678/424 485/693/495 493/679/425
f 416/670/426 459/672/439 477/671/427
f 452/682/429 441/670/415 470/683/417
f 428/684/430 450/731/475 467/685/431
f 443/666/433 433/719/466 410/687/434
f 511/688/436 508/786/516 506/689/437
f 459/683/439 416/670/426 426/691/440
f 471/692/442 499/679/505 478/693/443
f 465/695/432 467/768/431 444/677/445
f 479/697/418 498/699/451 515/698/447
f 491/698/449 484/697/420 509/697/419
f 491/674/449 512/674/450 515/673/447
f 409/668/452 412/762/455 413/700/453
f 410/687/434 414/678/456 413/702/453
f 411/676/422 415/772/454 413/704/453
f 419/664/435 422/716/460 423/706/457
f 420/708/459 424/730/461 423/709/457
f 421/696/446 425/766/458 423/711/457
f 426/691/440 429/787/464 430/713/462
f 427/664/409 431/707/465 430/715/462
f 428/684/430 432/773/463 430/717/462
f 433/719/466 436/769/469 437/720/467
f 434/668/413 438/788/470 437/721/467
f 435/677/423 439/771/468 437/723/467
f 443/666/433 446/735/473 447/725/471
f 444/677/445 448/724/474 447/727/471
f 445/669/414 449/770/472 447/729/471
f 450/731/475 453/767/478 454/732/476
f 451/666/411 455/726/479 454/734/476
f 452/682/429 456/774/477 454/736/476
f 457/738/480 460/686/483 461/739/481
f 458/694/444 462/741/484 461/741/481
f 463/742/482 461/743/481 462/743/484
f 473/743/485 474/743/487 476/743/486
f 471/692/442 475/665/488 474/744/487
f 472/675/421 476/746/486 474/746/487
f 477/671/427 480/761/491 481/747/489
f 478/693/443 482/697/492 481/697/489
f 483/748/490 481/760/489 482/673/492
f 487/697/493 488/697/496 490/750/494
f 485/693/495 489/749/497 488/751/496
f 486/681/428 490/754/494 488/752/496
f 494/754/498 495/752/501 497/674/499
f 492/681/500 496/753/502 495/755/501
f 493/679/425 497/698/499 495/698/501
f 501/698/503 502/698/506 504/758/504
f 499/679/505 503/757/507 502/759/506
f 500/671/416 504/748/504 502/760/506
f 410/687/434 412/703/455 422/716/460
f 412/762/455 409/668/452 420/708/459
f 427/664/409 429/716/464 418/741/508
f 418/764/508 429/787/464 426/691/440
f 421/696/446 424/712/461 466/740/509
f 424/730/461 420/708/459 464/667/441
f 419/664/435 425/707/458 446/735/473
f 425/766/458 421/696/446 444/677/445
f 451/666/411 453/735/478 431/707/465
f 453/767/478 450/731/475 428/684/430
f 445/669/414 448/730/474 469/765/510
f 469/746/510 448/724/474 444/677/445
f 443/666/433 449/726/472 436/769/469
f 449/770/472 445/669/414 434/668/413
f 440/665/410 442/745/511 455/726/479
f 442/764/511 441/670/415 452/682/429
f 472/675/421 435/677/423 438/724/470
f 476/743/486 438/788/470 434/668/413
f 433/719/466 439/665/468 414/678/456
f 439/771/468 435/677/423 411/676/422
f 457/738/480 463/740/482 415/772/454
f 463/742/482 459/683/439 409/668/452
f 465/686/432 466/740/509 432/773/463
f 432/714/463 466/765/509 464/667/441
f 468/667/412 469/765/510 456/774/477
f 456/733/477 469/746/510 467/685/431
f 458/694/444 460/678/483 475/665/488
f 460/686/483 457/738/480 472/675/421
f 484/674/420 490/754/494 483/748/490
f 483/748/490 490/754/494 486/681/428
f 485/693/495 487/697/493 497/698/499
f 487/697/493 484/697/420 491/698/449
f 491/674/449 498/673/451 504/748/504
f 504/748/504 500/671/416 492/681/500
f 479/697/418 482/697/492 501/698/503
f 482/697/492 478/693/443 499/679/505
f 500/671/416 503/761/507 473/743/485
f 503/757/507 499/679/505 471/692/442
f 477/671/427 459/672/439 462/743/484
f 480/749/491 462/741/484 458/694/444
f 417/678/424 418/741/508 489/749/497
f 418/764/508 416/670/426 486/681/428
f 493/679/425 496/757/502 442/745/511
f 496/753/502 492/681/500 441/670/415
f 506/689/437 508/786/516 510/775/512
f 510/777/512 509/674/419 505/673/448
f 509/697/419 510/789/512 513/779/514
f 510/780/512 508/786/516 511/688/436
f 514/690/438 516/790/515 513/782/514
f 516/783/515 515/673/447 512/674/450
f 506/689/437 507/791/513 516/784/515
f 507/785/513 505/697/448 515/698/447
f 409/668/452 459/683/439 464/667/441
g Cube.002_Mesh
v 2.513825 0.263423 0.881101
v 2.513825 0.263744 0.881422
v 2.513505 0.263744 0.881101
v 2.513825 0.263517 0.881328
v 2.513640 0.263559 0.881286
v 2.513598 0.263744 0.881328
v 2.513598 0.263517 0.881101
v 2.513825 0.294750 0.881422
v 2.513825 0.295070 0.881101
v 2.513505 0.294750 0.881101
v 2.513825 0.294977 0.881328
v 2.513640 0.294935 0.881286
v 2.513598 0.294977 0.881101
v 2.513598 0.294750 0.881328
v 2.513505 0.263744 0.871547
v 2.513825 0.263423 0.871547
v 2.513598 0.263517 0.871547
v 2.513825 0.295070 0.871547
v 2.513505 0.294750 0.871547
v 2.513598 0.294977 0.871547
v 2.566122 0.263423 0.881101
v 2.566443 0.263744 0.881101
v 2.566122 0.263744 0.881422
v 2.566349 0.263517 0.881101
v 2.566307 0.263559 0.881286
v 2.566349 0.263744 0.881328
v 2.566122 0.263517 0.881328
v 2.566122 0.295070 0.881101
v 2.566122 0.294750 0.881422
v 2.566443 0.294750 0.881101
v 2.566122 0.294977 0.881328
v 2.566307 0.294935 0.881286
v 2.566349 0.294750 0.881328
v 2.566349 0.294977 0.881101
v 2.566122 0.263423 0.871547
v 2.566443 0.263744 0.871547
v 2.566349 0.263517 0.871547
v 2.566443 0.294750 0.871547
v 2.566122 0.295070 0.871547
v 2.566349 0.294977 0.871547
v 2.559672 0.263744 0.871226
v 2.559993 0.263423 0.871868
v 2.559351 0.263744 0.871547
v 2.559766 0.263517 0.871547
v 2.559672 0.263559 0.871547
v 2.559672 0.263517 0.871641
v 2.559578 0.263744 0.871453
v 2.559351 0.294750 0.871547
v 2.559993 0.295070 0.871868
v 2.559672 0.294750 0.871226
v 2.559672 0.294977 0.871641
v 2.559672 0.294935 0.871547
v 2.559766 0.294977 0.871547
v 2.559578 0.294750 0.871453
v 2.559672 0.263744 0.881422
v 2.559672 0.263423 0.881101
v 2.559672 0.263517 0.881328
v 2.559672 0.295070 0.881101
v 2.559672 0.294750 0.881422
v 2.559672 0.294977 0.881328
v 2.520182 0.263423 0.871868
v 2.520503 0.263744 0.871226
v 2.520824 0.263744 0.871547
v 2.520409 0.263517 0.871547
v 2.520503 0.263559 0.871547
v 2.520597 0.263744 0.871453
v 2.520503 0.263517 0.871641
v 2.520503 0.294750 0.881422
v 2.520503 0.295070 0.881101
v 2.520503 0.294977 0.881328
v 2.520824 0.294750 0.871547
v 2.520503 0.294750 0.871226
v 2.520182 0.295070 0.871868
v 2.520597 0.294750 0.871453
v 2.520503 0.294935 0.871547
v 2.520409 0.294977 0.871547
v 2.520503 0.294977 0.871641
v 2.520503 0.263744 0.881422
v 2.520503 0.263423 0.881101
v 2.520503 0.263517 0.881328
v 2.513505 0.294750 0.852667
v 2.513825 0.295070 0.852667
v 2.513226 0.295422 0.852312
v 2.513598 0.294977 0.852667
v 2.513516 0.295080 0.852476
v 2.513537 0.295173 0.852431
v 2.513423 0.295103 0.852430
v 2.513226 0.263072 0.852312
v 2.513825 0.263423 0.852667
v 2.513505 0.263744 0.852667
v 2.513537 0.263321 0.852431
v 2.513516 0.263414 0.852476
v 2.513598 0.263517 0.852667
v 2.513423 0.263391 0.852430
v 2.520782 0.263072 0.852312
v 2.520503 0.263744 0.852667
v 2.520182 0.263423 0.852667
v 2.520585 0.263391 0.852430
v 2.520492 0.263414 0.852476
v 2.520409 0.263517 0.852667
v 2.520471 0.263321 0.852431
v 2.559400 0.295426 0.852312
v 2.559672 0.294750 0.852667
v 2.559993 0.295070 0.852667
v 2.559592 0.295107 0.852430
v 2.559685 0.295082 0.852476
v 2.559766 0.294977 0.852667
v 2.559708 0.295174 0.852431
v 2.566122 0.295070 0.852667
v 2.566443 0.294750 0.852667
v 2.566715 0.295426 0.852312
v 2.566349 0.294977 0.852667
v 2.566430 0.295082 0.852476
v 2.566523 0.295107 0.852430
v 2.566406 0.295174 0.852431
v 2.566443 0.263744 0.852667
v 2.566122 0.263423 0.852667
v 2.566715 0.263068 0.852312
v 2.566349 0.263517 0.852667
v 2.566430 0.263412 0.852476
v 2.566406 0.263320 0.852431
v 2.566523 0.263386 0.852430
v 2.559993 0.263423 0.852667
v 2.559672 0.263744 0.852667
v 2.559400 0.263068 0.852312
v 2.559766 0.263517 0.852667
v 2.559685 0.263412 0.852476
v 2.559592 0.263386 0.852430
v 2.559708 0.263320 0.852431
v 2.520182 0.295070 0.852667
v 2.520503 0.294750 0.852667
v 2.520782 0.295422 0.852312
v 2.520409 0.294977 0.852667
v 2.520492 0.295080 0.852476
v 2.520585 0.295103 0.852430
v 2.520471 0.295173 0.852431
v 2.508250 0.301707 0.851703
v 2.508292 0.301737 0.851669
v 2.508255 0.301766 0.851679
v 2.508292 0.256756 0.851669
v 2.508250 0.256787 0.851703
v 2.508255 0.256728 0.851679
v 2.525715 0.256756 0.851669
v 2.525758 0.256787 0.851703
v 2.525753 0.256728 0.851679
v 2.554640 0.301737 0.851669
v 2.554591 0.301703 0.851703
v 2.554606 0.301763 0.851679
v 2.571524 0.301703 0.851703
v 2.571475 0.301737 0.851669
v 2.571509 0.301763 0.851679
v 2.571524 0.256791 0.851703
v 2.571475 0.256756 0.851669
v 2.571509 0.256731 0.851679
v 2.554591 0.256791 0.851703
v 2.554640 0.256756 0.851669
v 2.554606 0.256731 0.851679
v 2.525758 0.301707 0.851703
v 2.525715 0.301737 0.851669
v 2.525753 0.301766 0.851679
vn 0.1898 0.1505 0.9702
vn -0.0130 -0.0023 0.9999
vn -0.0000 -0.0044 1.0000
vn -0.1184 0.1389 -0.9832
vn -0.0012 -0.0002 -1.0000
vn -0.0050 0.0089 -0.9999
vn 0.3208 -0.0194 0.9470
vn -0.0000 -0.0008 1.0000
vn 0.0139 -0.0028 0.9999
vn 0.0614 0.9980 0.0149
vn -0.0132 0.9999 0.0090
vn -0.0000 0.9999 0.0127
vn 0.9738 0.1350 -0.1832
vn 1.0000 -0.0022 0.0088
vn 1.0000 -0.0035 -0.0000
vn -0.9823 0.0923 0.1628
vn -1.0000 -0.0004 -0.0004
vn -1.0000 -0.0031 -0.0000
vn 1.0000 -0.0019 -0.0039
vn -0.9631 0.2295 0.1405
vn -1.0000 0.0027 -0.0051
vn -1.0000 0.0042 -0.0004
vn 0.0147 0.9991 -0.0407
vn 0.0137 0.9999 0.0090
vn 0.0171 0.9999 -0.0000
vn -0.1853 0.9651 0.1853
vn -0.0167 0.9998 0.0104
vn -0.9529 -0.0364 0.3010
vn -1.0000 -0.0027 0.0093
vn -0.1507 0.0768 0.9856
vn 0.9631 -0.2295 0.1405
vn 1.0000 -0.0026 -0.0047
vn 1.0000 -0.0043 -0.0004
vn 0.0663 -0.1564 0.9855
vn 0.0737 0.0247 0.9970
vn 0.0990 0.0259 0.9947
vn -0.0835 0.0272 0.9961
vn -0.0992 0.0271 0.9947
vn 0.1474 -0.9736 -0.1741
vn -0.0144 -0.9999 0.0055
vn 0.0148 -0.9999 0.0073
vn -0.3599 0.9313 -0.0566
vn 0.0164 0.9998 0.0097
vn -0.0114 0.9999 0.0020
vn -0.0643 0.1558 0.9857
vn -0.0913 -0.0298 0.9954
vn -0.0956 -0.0260 0.9951
vn -0.1121 -0.9920 -0.0589
vn 0.0137 -0.9999 0.0090
vn -0.0000 -0.9999 0.0127
vn -0.0072 -0.9998 -0.0169
vn -0.0000 -1.0000 0.0099
vn -0.0254 -0.9981 0.0561
vn 0.0160 -0.9998 0.0099
vn -0.2097 -0.0011 -0.9778
vn -0.0003 0.0010 -1.0000
vn 0.0001 0.0008 -1.0000
vn -0.1817 -0.0987 0.9784
vn 0.0368 -0.4266 0.9037
vn 0.0648 -0.1553 0.9857
vn 0.0755 0.0261 0.9968
vn 0.0957 0.0265 0.9951
vn 0.0710 -0.4246 0.9026
vn -0.1848 -0.0016 -0.9828
vn -0.0004 0.0010 -1.0000
vn -0.0001 0.0004 -1.0000
vn -0.6065 0.6918 0.3919
vn -0.0500 0.4284 0.9022
vn 0.0596 -0.9849 0.1623
vn -0.5774 -0.5774 0.5773
vn -0.7082 -0.7058 -0.0161
vn -0.1361 -0.8060 0.5761
vn -0.5716 -0.1356 0.8092
vn -0.4126 0.1735 0.8942
vn -0.5774 0.5774 0.5773
vn -0.7082 -0.0207 0.7057
vn -0.1360 0.5761 0.8060
vn -0.5737 0.8077 0.1358
vn 0.5774 -0.5774 0.5773
vn -0.0148 -0.7059 0.7082
vn 0.5737 -0.8077 0.1358
vn 0.8092 -0.1356 0.5717
vn 0.5774 0.5774 0.5773
vn 0.7082 0.7058 -0.0161
vn 0.1362 0.8058 0.5763
vn 0.8935 0.1705 0.4154
vn 0.5716 0.1356 0.8092
vn -0.4437 -0.7786 -0.4437
vn -0.6948 0.0947 -0.7129
vn 0.1480 -0.8541 -0.4986
vn -0.1369 -0.9905 -0.0090
vn -0.0028 0.4920 -0.8706
vn -0.4437 0.7786 -0.4437
vn -0.7129 -0.0947 -0.6948
vn -0.4976 0.8561 0.1397
vn -0.0088 0.9908 -0.1350
vn 0.4976 -0.8561 0.1397
vn 0.0389 -0.7474 -0.6632
vn 0.4437 -0.7786 -0.4437
vn 0.2997 -0.3536 -0.8861
vn 0.4437 0.7786 -0.4437
vn 0.0429 0.7426 -0.6684
vn 0.8861 0.3535 -0.2998
vn 0.1369 0.9905 -0.0090
vn -0.8666 0.3793 0.3242
vn -0.3984 0.5085 0.7634
vn -0.7715 0.0271 0.6356
vn -0.3626 0.8782 0.3119
vn -0.0209 0.2805 0.9596
vn 0.1039 -0.5330 0.8397
vn -0.7692 -0.0196 0.6388
vn -0.3958 -0.8382 0.3752
vn -0.3984 -0.5085 0.7633
vn -0.8638 -0.3370 0.3746
vn 0.5483 0.2229 0.8061
vn 0.0230 -0.6900 0.7234
vn 0.8666 -0.3793 0.3242
vn 0.3984 -0.5085 0.7634
vn 0.3620 -0.8773 0.3151
vn -0.5505 -0.2315 0.8021
vn -0.0226 0.6868 0.7265
vn -0.8693 0.3772 0.3194
vn -0.3891 0.5141 0.7644
vn -0.3641 0.8782 0.3102
vn 0.3969 0.8369 0.3770
vn 0.3891 0.5141 0.7644
vn 0.0304 0.6826 0.7301
vn 0.8627 0.3356 0.3782
vn 0.0226 0.0522 0.9984
vn 0.8713 -0.3739 0.3180
vn 0.3891 -0.5141 0.7644
vn 0.7816 -0.0242 0.6232
vn 0.3647 -0.8791 0.3070
vn 0.0174 -0.2903 0.9568
vn -0.3891 -0.5141 0.7644
vn -0.0277 -0.6861 0.7270
vn -0.8640 -0.3359 0.3751
vn -0.0151 -0.0492 0.9987
vn 0.3984 0.5085 0.7634
vn 0.0267 0.6915 0.7219
vn 0.8650 0.3373 0.3714
vn 0.0325 0.0444 0.9985
vn -0.7071 -0.7071 -0.0000
vn -0.7071 0.7071 -0.0000
vn 0.7071 -0.7071 -0.0000
vn 0.7071 0.7071 -0.0000
vn -0.0000 -0.7071 0.7071
vn -0.0000 0.7071 0.7071
vn -0.7144 0.2833 -0.6398
vn 0.7159 -0.2948 -0.6329
vn -0.6705 0.2575 -0.6958
vn 0.6709 0.2575 -0.6954
vn 0.6700 -0.2578 -0.6962
vn 0.2845 0.1537 -0.9463
vn -0.6709 -0.2575 -0.6954
vn 0.7153 0.2864 -0.6375
vn 0.2533 0.1381 -0.9575
vn -0.7135 -0.2774 -0.6433
vt 0.622466 0.966949
vt 0.377534 0.998485
vt 0.377534 0.966949
vt 0.622466 0.284567
vt 0.377534 0.466508
vt 0.377534 0.284567
vt 0.622466 0.751515
vt 0.377534 0.781977
vt 0.377534 0.751515
vt 0.843464 0.508123
vt 0.873485 0.741877
vt 0.841949 0.741877
vt 0.622466 0.500000
vt 0.377534 0.741877
vt 0.377534 0.500000
vt 0.622466 0.250000
vt 0.377534 0.250000
vt 0.377534 0.250000
vt 0.622465 0.468023
vt 0.377534 0.468023
vt 0.377534 0.468023
vt 0.655462 0.508123
vt 0.626515 0.741877
vt 0.626515 0.500000
vt 0.655462 0.508123
vt 0.841949 0.741877
vt 0.656977 0.741877
vt 0.655461 0.500000
vt 0.655461 0.500000
vt 0.622466 0.008123
vt 0.377535 0.008123
vt 0.622466 0.781977
vt 0.377534 0.966949
vt 0.377534 0.283051
vt 0.622466 0.283051
vt 0.375000 0.500000
vt 0.625000 0.500000
vt 0.656977 0.500000
vt 0.373485 0.500000
vt 0.344538 0.500000
vt 0.373485 0.500000
vt 0.873485 0.500000
vt 0.843464 0.500000
vt 0.625000 0.250000
vt 0.375000 0.250000
vt 0.344538 0.508123
vt 0.373485 0.741877
vt 0.343023 0.741877
vt 0.156536 0.508123
vt 0.343023 0.741877
vt 0.158051 0.741877
vt 0.126515 0.500000
vt 0.156536 0.500000
vt 0.156536 0.500000
vt 0.623242 0.468610
vt 0.376758 0.499413
vt 0.376758 0.468610
vt 0.343023 0.500000
vt 0.375000 0.283051
vt 0.625000 0.283051
vt 0.125000 0.500000
vt 0.158051 0.500000
vt 0.623242 0.250587
vt 0.376758 0.282464
vt 0.376758 0.250587
vt 0.625000 0.468023
vt 0.375000 0.468023
vt 0.841949 0.500000
vt 0.875000 0.500000
vt 0.126515 0.741877
vt 0.125640 0.750000
vt 0.125000 0.741877
vt 0.376071 1.000000
vt 0.375000 0.998485
vt 0.375000 0.003433
vt 0.377534 0.000000
vt 0.622466 0.998485
vt 0.625000 0.999360
vt 0.622466 1.000000
vt 0.875000 0.746567
vt 0.873485 0.750000
vt 0.623929 0.000000
vt 0.625000 0.008123
vt 0.375357 0.749069
vt 0.373485 0.750000
vt 0.375000 0.741877
vt 0.377534 0.750000
vt 0.624856 0.748856
vt 0.625000 0.741877
vt 0.625000 0.751515
vt 0.622466 0.741877
vt 0.622465 0.750000
vt 0.343023 0.500000
vt 0.376071 0.468023
vt 0.622466 0.466508
vt 0.622466 0.468023
vt 0.623929 0.468023
vt 0.376071 0.283051
vt 0.375000 0.283051
vt 0.623929 0.283051
vt 0.622466 0.283051
vt 0.843464 0.508123
vt 0.622466 0.250000
vt 0.874947 0.500000
vt 0.625172 0.250000
vt 0.125153 0.500000
vt 0.374828 0.283051
vt 0.377534 0.283051
vt 0.157998 0.500000
vt 0.625203 0.468023
vt 0.622466 0.468023
vt 0.656916 0.500000
vt 0.625020 0.500000
vt 0.625173 0.500000
vt 0.377534 0.500000
vt 0.374980 0.500000
vt 0.374797 0.500000
vt 0.343196 0.500000
vt 0.375000 0.468023
vt 0.343196 0.500000
vt 0.842102 0.500000
vt 0.375000 0.008123
vt 0.377534 1.000000
vt 0.622466 0.000000
vt 0.875000 0.741877
vt 0.343023 0.750000
vt 0.375000 0.781977
vt 0.841949 0.750000
vt 0.625000 0.966949
vt 0.625000 0.468023
vt 0.158051 0.750000
vt 0.375000 0.966949
vt 0.656977 0.750000
vt 0.626515 0.750000
vt 0.625000 0.781977
vt 0.622466 0.468023
vt 0.377534 0.468023
vt 0.375000 0.283051
vt 0.126515 0.750000
vt 0.157898 0.500000
vt 0.656804 0.500000
vt 0.374827 0.500000
vt 0.874847 0.500000
vt 0.344538 0.500000
vt 0.623398 0.250000
vt 0.157533 0.500000
vt 0.375000 0.282533
vt 0.656451 0.500000
vt 0.625000 0.499474
vt 0.625000 0.468549
vt 0.623381 0.500000
vt 0.376619 0.500000
vt 0.623242 0.499413
vt 0.374474 0.500000
vt 0.375000 0.468549
vt 0.375000 0.499474
vt 0.623381 0.468023
vt 0.376619 0.468023
vt 0.874482 0.500000
vt 0.625000 0.282533
vt 0.625000 0.250518
vt 0.623398 0.283051
vt 0.376602 0.283051
vt 0.623242 0.282464
vt 0.156536 0.508123
vt 0.656977 0.741877
vt 0.622466 0.966949
vt 0.843464 0.500000
vt 0.625000 0.998485
vt 0.375000 0.751515
vt 0.622466 0.750000
vt 0.625000 0.741877
vt 0.125053 0.500000
vt 0.656804 0.500000
vt 0.343084 0.500000
vt 0.842002 0.500000
vt 0.158051 0.741877
vt 0.376602 0.250000
vt 0.125518 0.500000
vt 0.375000 0.250518
vt 0.625525 0.500000
vt 0.343549 0.500000
vt 0.842467 0.500000
s 1
g Cube.002_metal
usemtl metal
f 584/792/517 518/793/518 594/794/519
f 587/795/520 559/796/521 579/797/522
f 545/798/523 571/799/524 539/800/525
f 589/801/526 525/802/527 585/803/528
f 554/804/529 538/805/530 552/806/531
f 535/807/532 606/808/533 531/809/534
f 552/806/531 626/804/535 554/804/529
f 566/810/536 640/811/537 557/812/538
f 565/813/539 544/814/540 555/815/541
f 565/816/539 585/817/528 574/818/542
f 555/815/541 620/819/543 565/820/539
f 526/821/544 531/809/534 519/822/545
f 575/823/546 594/824/519 571/799/524
f 578/825/547 647/826/548 588/826/549
f 634/827/550 665/828/551 627/828/552
f 627/828/552 663/829/553 618/829/554
f 551/830/555 639/831/556 633/832/557
f 534/833/558 646/834/559 598/833/560
f 599/835/561 657/836/562 604/836/563
f 558/837/564 537/838/565 572/839/566
f 577/840/567 572/841/566 595/842/568
f 532/843/569 613/844/570 577/845/567
f 662/846/571 669/847/572 672/848/573
f 641/849/574 668/827/575 634/827/550
f 611/850/576 674/851/577 648/851/578
f 604/852/563 660/853/579 611/853/576
f 654/854/580 659/855/581 656/856/582
f 618/857/554 671/858/583 641/858/574
f 648/859/578 653/860/584 599/860/561
f 517/861/585 521/862/586 523/863/587
f 518/793/518 521/864/586 520/865/588
f 519/822/545 521/866/586 522/867/589
f 524/868/590 528/869/591 530/870/592
f 525/802/527 528/871/591 527/872/593
f 526/821/544 528/873/591 529/874/594
f 537/838/565 541/875/595 543/876/596
f 538/805/530 541/875/595 540/877/597
f 539/800/525 541/875/595 542/878/598
f 544/814/540 548/879/599 550/880/600
f 545/798/523 548/879/599 547/881/601
f 546/882/602 548/879/599 549/883/603
f 557/812/538 561/858/604 563/812/605
f 562/884/606 560/884/607 558/837/564
f 559/796/521 561/885/604 562/858/606
f 564/886/608 568/857/609 570/887/610
f 569/829/611 567/829/612 565/820/539
f 566/810/536 568/888/609 569/857/611
f 580/853/613 583/853/614 577/845/567
f 578/825/547 581/889/615 580/890/613
f 579/797/522 581/890/615 582/825/616
f 587/795/520 591/891/617 593/851/618
f 588/826/549 591/851/617 590/892/619
f 593/859/618 592/859/620 589/893/526
f 597/894/621 601/835/622 603/835/623
f 598/833/560 601/895/622 600/860/624
f 603/835/623 602/896/625 599/835/561
f 607/897/626 610/852/627 604/852/563
f 605/843/628 608/852/629 607/897/626
f 606/808/533 608/836/629 609/836/630
f 614/890/631 617/898/632 611/850/576
f 612/899/633 615/890/634 614/890/631
f 613/844/570 615/900/634 616/853/635
f 621/857/636 624/901/637 618/857/554
f 619/902/638 622/857/639 621/857/636
f 620/819/543 622/903/639 623/829/640
f 625/815/641 629/904/642 631/905/643
f 626/804/535 629/904/642 628/828/644
f 631/905/643 630/828/645 627/828/552
f 632/906/646 636/907/647 638/827/648
f 633/832/557 636/907/647 635/827/649
f 638/827/648 637/908/650 634/827/550
f 639/831/556 643/884/651 645/909/652
f 640/811/537 643/858/651 642/910/653
f 645/911/652 644/884/654 641/849/574
f 646/834/559 650/859/655 652/912/656
f 647/826/548 650/851/655 649/851/657
f 652/912/656 651/859/658 648/859/578
f 517/861/585 533/852/659 532/843/569
f 523/913/587 531/809/534 533/836/659
f 524/868/590 522/914/589 518/793/518
f 530/915/592 519/822/545 522/867/589
f 525/802/527 536/860/660 529/916/594
f 536/835/660 526/821/544 529/874/594
f 537/838/565 553/827/661 540/877/597
f 553/827/661 538/805/530 540/877/597
f 544/814/540 556/828/662 555/815/541
f 550/880/600 554/804/529 556/828/662
f 539/800/525 549/883/603 545/798/523
f 542/878/598 546/882/602 549/883/603
f 537/838/565 573/917/663 572/839/566
f 573/918/663 539/800/525 571/799/524
f 525/802/527 586/919/664 585/803/528
f 586/920/664 524/868/590 584/792/517
f 565/816/539 593/859/618 589/893/526
f 567/921/612 587/795/520 593/851/618
f 572/841/566 596/922/663 595/842/568
f 573/918/663 594/824/519 596/923/663
f 544/814/540 576/924/664 547/925/601
f 576/926/664 545/798/523 547/881/601
f 557/812/538 570/927/610 566/810/536
f 563/928/605 564/886/608 570/927/610
f 558/837/564 583/853/614 562/884/606
f 583/929/614 559/796/521 562/858/606
f 585/817/528 576/924/664 574/818/542
f 586/920/664 575/823/546 576/926/664
f 517/861/585 596/922/663 520/930/588
f 596/923/663 518/793/518 520/865/588
f 579/797/522 590/892/619 587/795/520
f 582/825/616 588/826/549 590/892/619
f 604/836/563 603/835/623 599/835/561
f 610/836/627 597/894/621 603/835/623
f 605/843/628 617/931/632 613/844/570
f 617/931/632 604/852/563 611/853/576
f 625/815/641 624/932/637 620/819/543
f 624/932/637 627/828/552 618/829/554
f 626/804/535 638/827/648 630/828/645
f 638/827/648 627/828/552 630/828/645
f 639/831/556 637/933/650 633/832/557
f 645/911/652 634/827/550 637/933/650
f 641/858/574 621/857/636 618/857/554
f 644/858/654 619/902/638 621/857/636
f 598/833/560 652/912/656 602/934/625
f 652/912/656 599/860/561 602/934/625
f 612/899/633 651/851/658 647/826/548
f 614/890/631 648/851/578 651/851/658
f 557/812/538 642/910/653 560/858/607
f 560/884/607 639/831/556 558/935/564
f 552/806/531 635/827/649 632/906/646
f 553/827/661 633/832/557 635/827/649
f 620/819/543 569/829/611 565/820/539
f 623/857/640 566/810/536 569/857/611
f 555/815/541 628/828/644 625/815/641
f 556/828/662 626/804/535 628/828/644
f 606/808/533 533/836/659 531/809/534
f 609/852/630 532/843/569 533/852/659
f 578/825/547 616/890/635 612/899/633
f 580/853/613 613/844/570 616/853/635
f 646/834/559 592/859/620 649/859/657
f 649/851/657 588/826/549 647/826/548
f 535/807/532 600/835/624 597/894/621
f 536/860/660 598/833/560 600/860/624
f 656/856/582 655/936/665 654/854/580
f 655/936/665 657/836/562 653/835/584
f 657/852/562 661/937/666 660/853/579
f 661/938/666 656/856/582 659/855/581
f 665/828/551 664/939/667 663/829/553
f 667/940/668 662/846/571 664/941/667
f 668/827/575 667/942/668 665/828/551
f 670/943/669 666/944/670 667/942/668
f 671/884/583 670/945/669 668/827/575
f 673/946/671 669/847/572 670/947/669
f 672/848/573 664/948/667 662/846/571
f 673/949/671 663/857/553 664/948/667
f 674/859/577 655/950/665 653/860/584
f 676/951/672 654/854/580 655/952/665
f 660/890/579 676/953/672 674/851/577
f 661/954/666 675/955/673 676/953/672
f 577/956/567 517/861/585 532/843/569
f 584/792/517 524/868/590 518/793/518
f 587/795/520 564/886/608 559/796/521
f 545/798/523 575/823/546 571/799/524
f 589/801/526 534/833/558 525/802/527
f 554/804/529 546/882/602 538/805/530
f 535/807/532 597/894/621 606/808/533
f 552/806/531 632/906/646 626/804/535
f 566/810/536 619/902/638 640/811/537
f 565/813/539 574/957/542 544/814/540
f 565/816/539 589/893/526 585/817/528
f 555/815/541 625/815/641 620/819/543
f 526/821/544 535/807/532 531/809/534
f 575/823/546 584/958/517 594/824/519
f 578/825/547 612/899/633 647/826/548
f 634/827/550 668/827/575 665/828/551
f 627/828/552 665/828/551 663/829/553
f 551/830/555 558/935/564 639/831/556
f 534/833/558 589/959/526 646/834/559
f 599/835/561 653/835/584 657/836/562
f 558/837/564 551/830/555 537/838/565
f 577/840/567 558/837/564 572/841/566
f 532/843/569 605/843/628 613/844/570
f 662/846/571 666/944/670 669/847/572
f 641/849/574 671/884/583 668/827/575
f 611/850/576 660/890/579 674/851/577
f 604/852/563 657/852/562 660/853/579
f 654/854/580 675/955/673 659/855/581
f 618/857/554 663/857/553 671/858/583
f 648/859/578 674/859/577 653/860/584
f 517/861/585 520/930/588 521/862/586
f 518/793/518 522/914/589 521/864/586
f 519/822/545 523/913/587 521/866/586
f 524/868/590 527/960/593 528/869/591
f 525/802/527 529/916/594 528/871/591
f 526/821/544 530/915/592 528/873/591
f 537/838/565 540/877/597 541/875/595
f 538/805/530 542/878/598 541/875/595
f 539/800/525 543/961/596 541/875/595
f 544/814/540 547/925/601 548/879/599
f 545/798/523 549/962/603 548/879/599
f 546/882/602 550/963/600 548/879/599
f 557/812/538 560/858/607 561/858/604
f 562/884/606 561/884/604 560/884/607
f 559/796/521 563/928/605 561/885/604
f 564/886/608 567/921/612 568/857/609
f 569/829/611 568/829/609 567/829/612
f 566/810/536 570/927/610 568/888/609
f 580/853/613 581/853/615 583/853/614
f 578/825/547 582/825/616 581/889/615
f 579/797/522 583/929/614 581/890/615
f 587/795/520 590/892/619 591/891/617
f 588/826/549 592/851/620 591/851/617
f 593/859/618 591/859/617 592/859/620
f 597/894/621 600/835/624 601/835/622
f 598/833/560 602/934/625 601/895/622
f 603/835/623 601/835/622 602/896/625
f 607/897/626 608/964/629 610/852/627
f 605/843/628 609/852/630 608/852/629
f 606/808/533 610/836/627 608/836/629
f 614/890/631 615/890/634 617/898/632
f 612/899/633 616/890/635 615/890/634
f 613/844/570 617/931/632 615/900/634
f 621/857/636 622/857/639 624/901/637
f 619/902/638 623/857/640 622/857/639
f 620/819/543 624/965/637 622/903/639
f 625/815/641 628/828/644 629/904/642
f 626/804/535 630/828/645 629/904/642
f 631/905/643 629/904/642 630/828/645
f 632/906/646 635/827/649 636/907/647
f 633/832/557 637/933/650 636/907/647
f 638/827/648 636/907/647 637/908/650
f 639/831/556 642/884/653 643/884/651
f 640/811/537 644/858/654 643/858/651
f 645/911/652 643/966/651 644/884/654
f 646/834/559 649/859/657 650/859/655
f 647/826/548 651/851/658 650/851/655
f 652/912/656 650/967/655 651/859/658
f 517/861/585 523/863/587 533/852/659
f 523/913/587 519/822/545 531/809/534
f 524/868/590 530/870/592 522/914/589
f 530/915/592 526/821/544 519/822/545
f 525/802/527 534/833/558 536/860/660
f 536/835/660 535/807/532 526/821/544
f 537/838/565 551/830/555 553/827/661
f 553/827/661 552/806/531 538/805/530
f 544/814/540 550/880/600 556/828/662
f 550/880/600 546/882/602 554/804/529
f 539/800/525 542/878/598 549/883/603
f 542/878/598 538/805/530 546/882/602
f 537/838/565 543/876/596 573/917/663
f 573/918/663 543/961/596 539/800/525
f 525/802/527 527/872/593 586/919/664
f 586/920/664 527/960/593 524/868/590
f 565/816/539 567/829/612 593/859/618
f 567/921/612 564/886/608 587/795/520
f 572/841/566 573/917/663 596/922/663
f 573/918/663 571/799/524 594/824/519
f 544/814/540 574/957/542 576/924/664
f 576/926/664 575/823/546 545/798/523
f 557/812/538 563/928/605 570/927/610
f 563/928/605 559/796/521 564/886/608
f 558/837/564 577/840/567 583/853/614
f 583/929/614 579/797/522 559/796/521
f 585/817/528 586/919/664 576/924/664
f 586/920/664 584/958/517 575/823/546
f 517/861/585 595/968/568 596/922/663
f 596/923/663 594/794/519 518/793/518
f 579/797/522 582/825/616 590/892/619
f 582/825/616 578/825/547 588/826/549
f 604/836/563 610/836/627 603/835/623
f 610/836/627 606/808/533 597/894/621
f 605/843/628 607/897/626 617/931/632
f 617/931/632 607/897/626 604/852/563
f 625/815/641 631/905/643 624/932/637
f 624/932/637 631/905/643 627/828/552
f 626/804/535 632/906/646 638/827/648
f 638/827/648 634/827/550 627/828/552
f 639/831/556 645/911/652 637/933/650
f 645/911/652 641/849/574 634/827/550
f 641/858/574 644/858/654 621/857/636
f 644/858/654 640/811/537 619/902/638
f 598/833/560 646/834/559 652/912/656
f 652/912/656 648/859/578 599/860/561
f 612/899/633 614/890/631 651/851/658
f 614/890/631 611/850/576 648/851/578
f 557/812/538 640/811/537 642/910/653
f 560/884/607 642/884/653 639/831/556
f 552/806/531 553/827/661 635/827/649
f 553/827/661 551/830/555 633/832/557
f 620/819/543 623/829/640 569/829/611
f 623/857/640 619/902/638 566/810/536
f 555/815/541 556/828/662 628/828/644
f 556/828/662 554/804/529 626/804/535
f 606/808/533 609/836/630 533/836/659
f 609/852/630 605/843/628 532/843/569
f 578/825/547 580/890/613 616/890/635
f 580/853/613 577/845/567 613/844/570
f 646/834/559 589/959/526 592/859/620
f 649/851/657 592/851/620 588/826/549
f 535/807/532 536/835/660 600/835/624
f 536/860/660 534/833/558 598/833/560
f 656/856/582 658/969/674 655/936/665
f 655/936/665 658/969/674 657/836/562
f 657/852/562 658/970/674 661/937/666
f 661/938/666 658/971/674 656/856/582
f 665/828/551 667/972/668 664/939/667
f 667/940/668 666/944/670 662/846/571
f 668/827/575 670/943/669 667/942/668
f 670/943/669 669/847/572 666/944/670
f 671/884/583 673/973/671 670/945/669
f 673/946/671 672/848/573 669/847/572
f 672/848/573 673/949/671 664/948/667
f 673/949/671 671/858/583 663/857/553
f 674/859/577 676/974/672 655/950/665
f 676/951/672 675/955/673 654/854/580
f 660/890/579 661/954/666 676/953/672
f 661/954/666 659/855/581 675/955/673
f 577/956/567 595/968/568 517/861/585
g Cube.001_Mesh
v 2.513825 0.744192 0.881101
v 2.513825 0.744513 0.881422
v 2.513505 0.744513 0.881101
v 2.513825 0.744286 0.881328
v 2.513640 0.744328 0.881286
v 2.513598 0.744513 0.881328
v 2.513598 0.744286 0.881101
v 2.513825 0.775518 0.881422
v 2.513825 0.775839 0.881101
v 2.513505 0.775518 0.881101
v 2.513825 0.775745 0.881328
v 2.513640 0.775703 0.881286
v 2.513598 0.775745 0.881101
v 2.513598 0.775518 0.881328
v 2.513505 0.744513 0.871547
v 2.513825 0.744192 0.871547
v 2.513598 0.744286 0.871547
v 2.513825 0.775839 0.871547
v 2.513505 0.775518 0.871547
v 2.513598 0.775745 0.871547
v 2.566122 0.744192 0.881101
v 2.566443 0.744513 0.881101
v 2.566122 0.744513 0.881422
v 2.566349 0.744286 0.881101
v 2.566307 0.744328 0.881286
v 2.566349 0.744513 0.881328
v 2.566122 0.744286 0.881328
v 2.566122 0.775839 0.881101
v 2.566122 0.775518 0.881422
v 2.566443 0.775518 0.881101
v 2.566122 0.775745 0.881328
v 2.566307 0.775703 0.881286
v 2.566349 0.775518 0.881328
v 2.566349 0.775745 0.881101
v 2.566122 0.744192 0.871547
v 2.566443 0.744513 0.871547
v 2.566349 0.744286 0.871547
v 2.566443 0.775518 0.871547
v 2.566122 0.775839 0.871547
v 2.566349 0.775745 0.871547
v 2.559672 0.744513 0.871226
v 2.559993 0.744192 0.871868
v 2.559351 0.744513 0.871547
v 2.559766 0.744286 0.871547
v 2.559672 0.744327 0.871547
v 2.559672 0.744286 0.871641
v 2.559578 0.744513 0.871453
v 2.559351 0.775518 0.871547
v 2.559993 0.775839 0.871868
v 2.559672 0.775518 0.871226
v 2.559672 0.775745 0.871641
v 2.559672 0.775703 0.871547
v 2.559766 0.775745 0.871547
v 2.559578 0.775518 0.871453
v 2.559672 0.744513 0.881422
v 2.559672 0.744192 0.881101
v 2.559672 0.744286 0.881328
v 2.559672 0.775839 0.881101
v 2.559672 0.775518 0.881422
v 2.559672 0.775745 0.881328
v 2.520182 0.744192 0.871868
v 2.520503 0.744513 0.871226
v 2.520824 0.744513 0.871547
v 2.520409 0.744286 0.871547
v 2.520503 0.744327 0.871547
v 2.520597 0.744513 0.871453
v 2.520503 0.744286 0.871641
v 2.520503 0.775518 0.881422
v 2.520503 0.775839 0.881101
v 2.520503 0.775745 0.881328
v 2.520824 0.775518 0.871547
v 2.520503 0.775518 0.871226
v 2.520182 0.775839 0.871868
v 2.520597 0.775518 0.871453
v 2.520503 0.775703 0.871547
v 2.520409 0.775745 0.871547
v 2.520503 0.775745 0.871641
v 2.520503 0.744513 0.881422
v 2.520503 0.744192 0.881101
v 2.520503 0.744286 0.881328
v 2.513505 0.775518 0.852667
v 2.513825 0.775839 0.852667
v 2.513226 0.776190 0.852312
v 2.513598 0.775745 0.852667
v 2.513516 0.775849 0.852476
v 2.513537 0.775942 0.852431
v 2.513423 0.775871 0.852430
v 2.513226 0.743841 0.852312
v 2.513825 0.744192 0.852667
v 2.513505 0.744513 0.852667
v 2.513537 0.744089 0.852431
v 2.513516 0.744182 0.852476
v 2.513598 0.744286 0.852667
v 2.513423 0.744160 0.852430
v 2.520782 0.743841 0.852312
v 2.520503 0.744513 0.852667
v 2.520182 0.744192 0.852667
v 2.520585 0.744160 0.852430
v 2.520492 0.744182 0.852476
v 2.520409 0.744286 0.852667
v 2.520471 0.744089 0.852431
v 2.559400 0.776194 0.852312
v 2.559672 0.775518 0.852667
v 2.559993 0.775839 0.852667
v 2.559592 0.775876 0.852430
v 2.559685 0.775850 0.852476
v 2.559766 0.775745 0.852667
v 2.559708 0.775943 0.852431
v 2.566122 0.775839 0.852667
v 2.566443 0.775518 0.852667
v 2.566715 0.776194 0.852312
v 2.566349 0.775745 0.852667
v 2.566430 0.775850 0.852476
v 2.566523 0.775876 0.852430
v 2.566406 0.775943 0.852431
v 2.566443 0.744513 0.852667
v 2.566122 0.744192 0.852667
v 2.566715 0.743837 0.852312
v 2.566349 0.744286 0.852667
v 2.566430 0.744181 0.852476
v 2.566406 0.744088 0.852431
v 2.566523 0.744155 0.852430
v 2.559993 0.744192 0.852667
v 2.559672 0.744513 0.852667
v 2.559400 0.743837 0.852312
v 2.559766 0.744286 0.852667
v 2.559685 0.744181 0.852476
v 2.559592 0.744155 0.852430
v 2.559708 0.744088 0.852431
v 2.520182 0.775839 0.852667
v 2.520503 0.775518 0.852667
v 2.520782 0.776190 0.852312
v 2.520409 0.775745 0.852667
v 2.520492 0.775849 0.852476
v 2.520585 0.775871 0.852430
v 2.520471 0.775942 0.852431
v 2.508250 0.782475 0.851703
v 2.508292 0.782506 0.851669
v 2.508255 0.782534 0.851679
v 2.508292 0.737525 0.851669
v 2.508250 0.737556 0.851703
v 2.508255 0.737496 0.851679
v 2.525715 0.737525 0.851669
v 2.525758 0.737556 0.851703
v 2.525753 0.737496 0.851679
v 2.554640 0.782506 0.851669
v 2.554591 0.782472 0.851703
v 2.554606 0.782531 0.851679
v 2.571524 0.782472 0.851703
v 2.571475 0.782506 0.851669
v 2.571509 0.782531 0.851679
v 2.571524 0.737559 0.851703
v 2.571475 0.737525 0.851669
v 2.571509 0.737500 0.851679
v 2.554591 0.737559 0.851703
v 2.554640 0.737525 0.851669
v 2.554606 0.737500 0.851679
v 2.525758 0.782475 0.851703
v 2.525715 0.782506 0.851669
v 2.525753 0.782534 0.851679
vn 0.1898 0.1505 0.9702
vn -0.0130 -0.0023 0.9999
vn -0.0000 -0.0044 1.0000
vn -0.1184 0.1389 -0.9832
vn -0.0012 -0.0002 -1.0000
vn -0.0050 0.0089 -0.9999
vn 0.3208 -0.0194 0.9470
vn -0.0000 -0.0008 1.0000
vn 0.0139 -0.0028 0.9999
vn 0.0614 0.9980 0.0149
vn -0.0132 0.9999 0.0090
vn -0.0000 0.9999 0.0127
vn 0.9738 0.1350 -0.1832
vn 1.0000 -0.0022 0.0088
vn 1.0000 -0.0035 -0.0000
vn -0.9823 0.0923 0.1628
vn -1.0000 -0.0004 -0.0004
vn -1.0000 -0.0031 -0.0000
vn 1.0000 -0.0019 -0.0039
vn -0.9631 0.2295 0.1405
vn -1.0000 0.0027 -0.0051
vn -1.0000 0.0042 -0.0004
vn 0.0147 0.9991 -0.0407
vn 0.0137 0.9999 0.0090
vn 0.0171 0.9999 -0.0000
vn -0.1853 0.9651 0.1853
vn -0.0167 0.9998 0.0104
vn -0.9529 -0.0364 0.3010
vn -1.0000 -0.0027 0.0093
vn -0.1507 0.0768 0.9856
vn 0.9631 -0.2295 0.1405
vn 1.0000 -0.0026 -0.0047
vn 1.0000 -0.0043 -0.0004
vn 0.0663 -0.1564 0.9855
vn 0.0737 0.0247 0.9970
vn 0.0990 0.0259 0.9947
vn -0.0835 0.0272 0.9961
vn -0.0992 0.0271 0.9947
vn 0.1474 -0.9736 -0.1741
vn -0.0144 -0.9999 0.0055
vn 0.0148 -0.9999 0.0073
vn -0.3599 0.9313 -0.0566
vn 0.0164 0.9998 0.0097
vn -0.0114 0.9999 0.0020
vn -0.0643 0.1558 0.9857
vn -0.0913 -0.0298 0.9954
vn -0.0956 -0.0260 0.9951
vn -0.1121 -0.9920 -0.0589
vn 0.0137 -0.9999 0.0090
vn -0.0000 -0.9999 0.0127
vn -0.0072 -0.9998 -0.0169
vn -0.0000 -1.0000 0.0099
vn -0.0254 -0.9981 0.0561
vn 0.0160 -0.9998 0.0099
vn -0.2097 -0.0011 -0.9778
vn -0.0003 0.0010 -1.0000
vn 0.0001 0.0008 -1.0000
vn -0.1817 -0.0987 0.9784
vn 0.0368 -0.4266 0.9037
vn 0.0648 -0.1553 0.9857
vn 0.0755 0.0261 0.9968
vn 0.0957 0.0265 0.9951
vn 0.0710 -0.4246 0.9026
vn -0.1848 -0.0016 -0.9828
vn -0.0004 0.0010 -1.0000
vn -0.0001 0.0004 -1.0000
vn -0.6065 0.6918 0.3919
vn -0.0500 0.4284 0.9022
vn 0.0596 -0.9849 0.1623
vn -0.5774 -0.5774 0.5773
vn -0.7082 -0.7058 -0.0161
vn -0.1361 -0.8060 0.5761
vn -0.5716 -0.1356 0.8092
vn -0.4126 0.1735 0.8942
vn -0.5774 0.5774 0.5773
vn -0.7082 -0.0207 0.7057
vn -0.1360 0.5761 0.8060
vn -0.5737 0.8077 0.1358
vn 0.5774 -0.5774 0.5773
vn -0.0148 -0.7059 0.7082
vn 0.5737 -0.8077 0.1358
vn 0.8092 -0.1356 0.5717
vn 0.5774 0.5774 0.5773
vn 0.7082 0.7058 -0.0161
vn 0.1362 0.8058 0.5763
vn 0.8935 0.1705 0.4154
vn 0.5716 0.1356 0.8092
vn -0.4437 -0.7786 -0.4437
vn -0.6948 0.0947 -0.7129
vn 0.1480 -0.8541 -0.4986
vn -0.1369 -0.9905 -0.0090
vn -0.0028 0.4920 -0.8706
vn -0.4437 0.7786 -0.4437
vn -0.7129 -0.0947 -0.6948
vn -0.4976 0.8561 0.1397
vn -0.0088 0.9908 -0.1350
vn 0.4976 -0.8561 0.1397
vn 0.0389 -0.7474 -0.6632
vn 0.4437 -0.7786 -0.4437
vn 0.2997 -0.3536 -0.8861
vn 0.4437 0.7786 -0.4437
vn 0.0429 0.7426 -0.6684
vn 0.8861 0.3535 -0.2998
vn 0.1369 0.9905 -0.0090
vn -0.8666 0.3793 0.3242
vn -0.3984 0.5085 0.7634
vn -0.7715 0.0271 0.6356
vn -0.3626 0.8782 0.3119
vn -0.0209 0.2805 0.9596
vn 0.1039 -0.5330 0.8397
vn -0.7692 -0.0196 0.6388
vn -0.3958 -0.8382 0.3752
vn -0.3984 -0.5085 0.7633
vn -0.8638 -0.3370 0.3746
vn 0.5483 0.2229 0.8061
vn 0.0230 -0.6900 0.7234
vn 0.8666 -0.3793 0.3242
vn 0.3984 -0.5085 0.7634
vn 0.3620 -0.8773 0.3151
vn -0.5505 -0.2315 0.8021
vn -0.0226 0.6868 0.7265
vn -0.8693 0.3772 0.3194
vn -0.3891 0.5141 0.7644
vn -0.3641 0.8782 0.3102
vn 0.3969 0.8369 0.3770
vn 0.3891 0.5141 0.7644
vn 0.0304 0.6826 0.7301
vn 0.8627 0.3356 0.3782
vn 0.0226 0.0522 0.9984
vn 0.8713 -0.3739 0.3180
vn 0.3891 -0.5141 0.7644
vn 0.7816 -0.0242 0.6232
vn 0.3647 -0.8791 0.3070
vn 0.0174 -0.2903 0.9568
vn -0.3891 -0.5141 0.7644
vn -0.0277 -0.6861 0.7270
vn -0.8640 -0.3359 0.3751
vn -0.0151 -0.0492 0.9987
vn 0.3984 0.5085 0.7634
vn 0.0267 0.6915 0.7219
vn 0.8650 0.3373 0.3714
vn 0.0325 0.0444 0.9985
vn -0.7071 -0.7071 -0.0000
vn -0.7071 0.7071 -0.0000
vn 0.7071 -0.7071 -0.0000
vn 0.7071 0.7071 -0.0000
vn -0.0000 -0.7071 0.7071
vn -0.0000 0.7071 0.7071
vn -0.7144 0.2833 -0.6398
vn 0.7159 -0.2948 -0.6329
vn -0.6705 0.2575 -0.6958
vn 0.6709 0.2575 -0.6954
vn 0.6700 -0.2578 -0.6962
vn 0.2845 0.1537 -0.9463
vn -0.6709 -0.2575 -0.6954
vn 0.7153 0.2864 -0.6375
vn 0.2533 0.1381 -0.9575
vn -0.7135 -0.2774 -0.6433
vt 0.622466 0.966949
vt 0.377534 0.998485
vt 0.377534 0.966949
vt 0.622466 0.284567
vt 0.377534 0.466508
vt 0.377534 0.284567
vt 0.622466 0.751515
vt 0.377534 0.781977
vt 0.377534 0.751515
vt 0.843464 0.508123
vt 0.873485 0.741877
vt 0.841949 0.741877
vt 0.622466 0.500000
vt 0.377534 0.741877
vt 0.377534 0.500000
vt 0.622466 0.250000
vt 0.377534 0.250000
vt 0.377534 0.250000
vt 0.622465 0.468023
vt 0.377534 0.468023
vt 0.377534 0.468023
vt 0.655462 0.508123
vt 0.626515 0.741877
vt 0.626515 0.500000
vt 0.655462 0.508123
vt 0.841949 0.741877
vt 0.656977 0.741877
vt 0.655461 0.500000
vt 0.655461 0.500000
vt 0.622466 0.008123
vt 0.377535 0.008123
vt 0.622466 0.781977
vt 0.377534 0.966949
vt 0.377534 0.283051
vt 0.622466 0.283051
vt 0.375000 0.500000
vt 0.625000 0.500000
vt 0.656977 0.500000
vt 0.373485 0.500000
vt 0.344538 0.500000
vt 0.373485 0.500000
vt 0.873485 0.500000
vt 0.843464 0.500000
vt 0.625000 0.250000
vt 0.375000 0.250000
vt 0.344538 0.508123
vt 0.373485 0.741877
vt 0.343023 0.741877
vt 0.156536 0.508123
vt 0.343023 0.741877
vt 0.158051 0.741877
vt 0.126515 0.500000
vt 0.156536 0.500000
vt 0.156536 0.500000
vt 0.623242 0.468610
vt 0.376758 0.499413
vt 0.376758 0.468610
vt 0.343023 0.500000
vt 0.375000 0.283051
vt 0.625000 0.283051
vt 0.125000 0.500000
vt 0.158051 0.500000
vt 0.623242 0.250587
vt 0.376758 0.282464
vt 0.376758 0.250587
vt 0.625000 0.468023
vt 0.375000 0.468023
vt 0.841949 0.500000
vt 0.875000 0.500000
vt 0.126515 0.741877
vt 0.125640 0.750000
vt 0.125000 0.741877
vt 0.376071 1.000000
vt 0.375000 0.998485
vt 0.375000 0.003433
vt 0.377534 0.000000
vt 0.622466 0.998485
vt 0.625000 0.999360
vt 0.622466 1.000000
vt 0.875000 0.746567
vt 0.873485 0.750000
vt 0.623929 0.000000
vt 0.625000 0.008123
vt 0.375357 0.749069
vt 0.373485 0.750000
vt 0.375000 0.741877
vt 0.377534 0.750000
vt 0.624856 0.748856
vt 0.625000 0.741877
vt 0.625000 0.751515
vt 0.622466 0.741877
vt 0.622465 0.750000
vt 0.343023 0.500000
vt 0.376071 0.468023
vt 0.622466 0.466508
vt 0.622466 0.468023
vt 0.623929 0.468023
vt 0.376071 0.283051
vt 0.375000 0.283051
vt 0.623929 0.283051
vt 0.622466 0.283051
vt 0.843464 0.508123
vt 0.622466 0.250000
vt 0.874947 0.500000
vt 0.625172 0.250000
vt 0.125153 0.500000
vt 0.374828 0.283051
vt 0.377534 0.283051
vt 0.157998 0.500000
vt 0.625203 0.468023
vt 0.622466 0.468023
vt 0.656916 0.500000
vt 0.625020 0.500000
vt 0.625173 0.500000
vt 0.377534 0.500000
vt 0.374980 0.500000
vt 0.374797 0.500000
vt 0.343196 0.500000
vt 0.375000 0.468023
vt 0.343196 0.500000
vt 0.842102 0.500000
vt 0.375000 0.008123
vt 0.377534 1.000000
vt 0.622466 0.000000
vt 0.875000 0.741877
vt 0.343023 0.750000
vt 0.375000 0.781977
vt 0.841949 0.750000
vt 0.625000 0.966949
vt 0.625000 0.468023
vt 0.158051 0.750000
vt 0.375000 0.966949
vt 0.656977 0.750000
vt 0.626515 0.750000
vt 0.625000 0.781977
vt 0.622466 0.468023
vt 0.377534 0.468023
vt 0.375000 0.283051
vt 0.126515 0.750000
vt 0.157898 0.500000
vt 0.656804 0.500000
vt 0.374827 0.500000
vt 0.874847 0.500000
vt 0.344538 0.500000
vt 0.623398 0.250000
vt 0.157533 0.500000
vt 0.375000 0.282533
vt 0.656451 0.500000
vt 0.625000 0.499474
vt 0.625000 0.468549
vt 0.623381 0.500000
vt 0.376619 0.500000
vt 0.623242 0.499413
vt 0.374474 0.500000
vt 0.375000 0.468549
vt 0.375000 0.499474
vt 0.623381 0.468023
vt 0.376619 0.468023
vt 0.874482 0.500000
vt 0.625000 0.282533
vt 0.625000 0.250518
vt 0.623398 0.283051
vt 0.376602 0.283051
vt 0.623242 0.282464
vt 0.156536 0.508123
vt 0.656977 0.741877
vt 0.622466 0.966949
vt 0.843464 0.500000
vt 0.625000 0.998485
vt 0.375000 0.751515
vt 0.622466 0.750000
vt 0.625000 0.741877
vt 0.125053 0.500000
vt 0.656804 0.500000
vt 0.343084 0.500000
vt 0.842002 0.500000
vt 0.158051 0.741877
vt 0.376602 0.250000
vt 0.125518 0.500000
vt 0.375000 0.250518
vt 0.625525 0.500000
vt 0.343549 0.500000
vt 0.842467 0.500000
s 1
g Cube.001_metal
usemtl metal
f 744/975/675 678/976/676 754/977/677
f 747/978/678 719/979/679 739/980/680
f 705/981/681 731/982/682 699/983/683
f 749/984/684 685/985/685 745/986/686
f 714/987/687 698/988/688 712/989/689
f 695/990/690 766/991/691 691/992/692
f 712/989/689 786/987/693 714/987/687
f 726/993/694 800/994/695 717/995/696
f 725/996/697 704/997/698 715/998/699
f 725/999/697 745/1000/686 734/1001/700
f 715/998/699 780/1002/701 725/1003/697
f 686/1004/702 691/992/692 679/1005/703
f 735/1006/704 754/1007/677 731/982/682
f 738/1008/705 807/1009/706 748/1009/707
f 794/1010/708 825/1011/709 787/1011/710
f 787/1011/710 823/1012/711 778/1012/712
f 711/1013/713 799/1014/714 793/1015/715
f 694/1016/716 806/1017/717 758/1016/718
f 759/1018/719 817/1019/720 764/1019/721
f 718/1020/722 697/1021/723 732/1022/724
f 737/1023/725 732/1024/724 755/1025/726
f 692/1026/727 773/1027/728 737/1028/725
f 822/1029/729 829/1030/730 832/1031/731
f 801/1032/732 828/1010/733 794/1010/708
f 771/1033/734 834/1034/735 808/1034/736
f 764/1035/721 820/1036/737 771/1036/734
f 814/1037/738 819/1038/739 816/1039/740
f 778/1040/712 831/1041/741 801/1041/732
f 808/1042/736 813/1043/742 759/1043/719
f 677/1044/743 681/1045/744 683/1046/745
f 678/976/676 681/1047/744 680/1048/746
f 679/1005/703 681/1049/744 682/1050/747
f 684/1051/748 688/1052/749 690/1053/750
f 685/985/685 688/1054/749 687/1055/751
f 686/1004/702 688/1056/749 689/1057/752
f 697/1021/723 701/1058/753 703/1059/754
f 698/988/688 701/1058/753 700/1060/755
f 699/983/683 701/1058/753 702/1061/756
f 704/997/698 708/1062/757 710/1063/758
f 705/981/681 708/1062/757 707/1064/759
f 706/1065/760 708/1062/757 709/1066/761
f 717/995/696 721/1041/762 723/995/763
f 722/1067/764 720/1067/765 718/1020/722
f 719/979/679 721/1068/762 722/1041/764
f 724/1069/766 728/1040/767 730/1070/768
f 729/1012/769 727/1012/770 725/1003/697
f 726/993/694 728/1071/767 729/1040/769
f 740/1036/771 743/1036/772 737/1028/725
f 738/1008/705 741/1072/773 740/1073/771
f 739/980/680 741/1073/773 742/1008/774
f 747/978/678 751/1074/775 753/1034/776
f 748/1009/707 751/1034/775 750/1075/777
f 753/1042/776 752/1042/778 749/1076/684
f 757/1077/779 761/1018/780 763/1018/781
f 758/1016/718 761/1078/780 760/1043/782
f 763/1018/781 762/1079/783 759/1018/719
f 767/1080/784 770/1035/785 764/1035/721
f 765/1026/786 768/1035/787 767/1080/784
f 766/991/691 768/1019/787 769/1019/788
f 774/1073/789 777/1081/790 771/1033/734
f 772/1082/791 775/1073/792 774/1073/789
f 773/1027/728 775/1083/792 776/1036/793
f 781/1040/794 784/1084/795 778/1040/712
f 779/1085/796 782/1040/797 781/1040/794
f 780/1002/701 782/1086/797 783/1012/798
f 785/998/799 789/1087/800 791/1088/801
f 786/987/693 789/1087/800 788/1011/802
f 791/1088/801 790/1011/803 787/1011/710
f 792/1089/804 796/1090/805 798/1010/806
f 793/1015/715 796/1090/805 795/1010/807
f 798/1010/806 797/1091/808 794/1010/708
f 799/1014/714 803/1067/809 805/1092/810
f 800/994/695 803/1041/809 802/1093/811
f 805/1094/810 804/1067/812 801/1032/732
f 806/1017/717 810/1042/813 812/1095/814
f 807/1009/706 810/1034/813 809/1034/815
f 812/1095/814 811/1042/816 808/1042/736
f 677/1044/743 693/1035/817 692/1026/727
f 683/1096/745 691/992/692 693/1019/817
f 684/1051/748 682/1097/747 678/976/676
f 690/1098/750 679/1005/703 682/1050/747
f 685/985/685 696/1043/818 689/1099/752
f 696/1018/818 686/1004/702 689/1057/752
f 697/1021/723 713/1010/819 700/1060/755
f 713/1010/819 698/988/688 700/1060/755
f 704/997/698 716/1011/820 715/998/699
f 710/1063/758 714/987/687 716/1011/820
f 699/983/683 709/1066/761 705/981/681
f 702/1061/756 706/1065/760 709/1066/761
f 697/1021/723 733/1100/821 732/1022/724
f 733/1101/821 699/983/683 731/982/682
f 685/985/685 746/1102/822 745/986/686
f 746/1103/822 684/1051/748 744/975/675
f 725/999/697 753/1042/776 749/1076/684
f 727/1104/770 747/978/678 753/1034/776
f 732/1024/724 756/1105/821 755/1025/726
f 733/1101/821 754/1007/677 756/1106/821
f 704/997/698 736/1107/822 707/1108/759
f 736/1109/822 705/981/681 707/1064/759
f 717/995/696 730/1110/768 726/993/694
f 723/1111/763 724/1069/766 730/1110/768
f 718/1020/722 743/1036/772 722/1067/764
f 743/1112/772 719/979/679 722/1041/764
f 745/1000/686 736/1107/822 734/1001/700
f 746/1103/822 735/1006/704 736/1109/822
f 677/1044/743 756/1105/821 680/1113/746
f 756/1106/821 678/976/676 680/1048/746
f 739/980/680 750/1075/777 747/978/678
f 742/1008/774 748/1009/707 750/1075/777
f 764/1019/721 763/1018/781 759/1018/719
f 770/1019/785 757/1077/779 763/1018/781
f 765/1026/786 777/1114/790 773/1027/728
f 777/1114/790 764/1035/721 771/1036/734
f 785/998/799 784/1115/795 780/1002/701
f 784/1115/795 787/1011/710 778/1012/712
f 786/987/693 798/1010/806 790/1011/803
f 798/1010/806 787/1011/710 790/1011/803
f 799/1014/714 797/1116/808 793/1015/715
f 805/1094/810 794/1010/708 797/1116/808
f 801/1041/732 781/1040/794 778/1040/712
f 804/1041/812 779/1085/796 781/1040/794
f 758/1016/718 812/1095/814 762/1117/783
f 812/1095/814 759/1043/719 762/1117/783
f 772/1082/791 811/1034/816 807/1009/706
f 774/1073/789 808/1034/736 811/1034/816
f 717/995/696 802/1093/811 720/1041/765
f 720/1067/765 799/1014/714 718/1118/722
f 712/989/689 795/1010/807 792/1089/804
f 713/1010/819 793/1015/715 795/1010/807
f 780/1002/701 729/1012/769 725/1003/697
f 783/1040/798 726/993/694 729/1040/769
f 715/998/699 788/1011/802 785/998/799
f 716/1011/820 786/987/693 788/1011/802
f 766/991/691 693/1019/817 691/992/692
f 769/1035/788 692/1026/727 693/1035/817
f 738/1008/705 776/1073/793 772/1082/791
f 740/1036/771 773/1027/728 776/1036/793
f 806/1017/717 752/1042/778 809/1042/815
f 809/1034/815 748/1009/707 807/1009/706
f 695/990/690 760/1018/782 757/1077/779
f 696/1043/818 758/1016/718 760/1043/782
f 816/1039/740 815/1119/823 814/1037/738
f 815/1119/823 817/1019/720 813/1018/742
f 817/1035/720 821/1120/824 820/1036/737
f 821/1121/824 816/1039/740 819/1038/739
f 825/1011/709 824/1122/825 823/1012/711
f 827/1123/826 822/1029/729 824/1124/825
f 828/1010/733 827/1125/826 825/1011/709
f 830/1126/827 826/1127/828 827/1125/826
f 831/1067/741 830/1128/827 828/1010/733
f 833/1129/829 829/1030/730 830/1130/827
f 832/1031/731 824/1131/825 822/1029/729
f 833/1132/829 823/1040/711 824/1131/825
f 834/1042/735 815/1133/823 813/1043/742
f 836/1134/830 814/1037/738 815/1135/823
f 820/1073/737 836/1136/830 834/1034/735
f 821/1137/824 835/1138/831 836/1136/830
f 737/1139/725 677/1044/743 692/1026/727
f 744/975/675 684/1051/748 678/976/676
f 747/978/678 724/1069/766 719/979/679
f 705/981/681 735/1006/704 731/982/682
f 749/984/684 694/1016/716 685/985/685
f 714/987/687 706/1065/760 698/988/688
f 695/990/690 757/1077/779 766/991/691
f 712/989/689 792/1089/804 786/987/693
f 726/993/694 779/1085/796 800/994/695
f 725/996/697 734/1140/700 704/997/698
f 725/999/697 749/1076/684 745/1000/686
f 715/998/699 785/998/799 780/1002/701
f 686/1004/702 695/990/690 691/992/692
f 735/1006/704 744/1141/675 754/1007/677
f 738/1008/705 772/1082/791 807/1009/706
f 794/1010/708 828/1010/733 825/1011/709
f 787/1011/710 825/1011/709 823/1012/711
f 711/1013/713 718/1118/722 799/1014/714
f 694/1016/716 749/1142/684 806/1017/717
f 759/1018/719 813/1018/742 817/1019/720
f 718/1020/722 711/1013/713 697/1021/723
f 737/1023/725 718/1020/722 732/1024/724
f 692/1026/727 765/1026/786 773/1027/728
f 822/1029/729 826/1127/828 829/1030/730
f 801/1032/732 831/1067/741 828/1010/733
f 771/1033/734 820/1073/737 834/1034/735
f 764/1035/721 817/1035/720 820/1036/737
f 814/1037/738 835/1138/831 819/1038/739
f 778/1040/712 823/1040/711 831/1041/741
f 808/1042/736 834/1042/735 813/1043/742
f 677/1044/743 680/1113/746 681/1045/744
f 678/976/676 682/1097/747 681/1047/744
f 679/1005/703 683/1096/745 681/1049/744
f 684/1051/748 687/1143/751 688/1052/749
f 685/985/685 689/1099/752 688/1054/749
f 686/1004/702 690/1098/750 688/1056/749
f 697/1021/723 700/1060/755 701/1058/753
f 698/988/688 702/1061/756 701/1058/753
f 699/983/683 703/1144/754 701/1058/753
f 704/997/698 707/1108/759 708/1062/757
f 705/981/681 709/1145/761 708/1062/757
f 706/1065/760 710/1146/758 708/1062/757
f 717/995/696 720/1041/765 721/1041/762
f 722/1067/764 721/1067/762 720/1067/765
f 719/979/679 723/1111/763 721/1068/762
f 724/1069/766 727/1104/770 728/1040/767
f 729/1012/769 728/1012/767 727/1012/770
f 726/993/694 730/1110/768 728/1071/767
f 740/1036/771 741/1036/773 743/1036/772
f 738/1008/705 742/1008/774 741/1072/773
f 739/980/680 743/1112/772 741/1073/773
f 747/978/678 750/1075/777 751/1074/775
f 748/1009/707 752/1034/778 751/1034/775
f 753/1042/776 751/1042/775 752/1042/778
f 757/1077/779 760/1018/782 761/1018/780
f 758/1016/718 762/1117/783 761/1078/780
f 763/1018/781 761/1018/780 762/1079/783
f 767/1080/784 768/1147/787 770/1035/785
f 765/1026/786 769/1035/788 768/1035/787
f 766/991/691 770/1019/785 768/1019/787
f 774/1073/789 775/1073/792 777/1081/790
f 772/1082/791 776/1073/793 775/1073/792
f 773/1027/728 777/1114/790 775/1083/792
f 781/1040/794 782/1040/797 784/1084/795
f 779/1085/796 783/1040/798 782/1040/797
f 780/1002/701 784/1148/795 782/1086/797
f 785/998/799 788/1011/802 789/1087/800
f 786/987/693 790/1011/803 789/1087/800
f 791/1088/801 789/1087/800 790/1011/803
f 792/1089/804 795/1010/807 796/1090/805
f 793/1015/715 797/1116/808 796/1090/805
f 798/1010/806 796/1090/805 797/1091/808
f 799/1014/714 802/1067/811 803/1067/809
f 800/994/695 804/1041/812 803/1041/809
f 805/1094/810 803/1149/809 804/1067/812
f 806/1017/717 809/1042/815 810/1042/813
f 807/1009/706 811/1034/816 810/1034/813
f 812/1095/814 810/1150/813 811/1042/816
f 677/1044/743 683/1046/745 693/1035/817
f 683/1096/745 679/1005/703 691/992/692
f 684/1051/748 690/1053/750 682/1097/747
f 690/1098/750 686/1004/702 679/1005/703
f 685/985/685 694/1016/716 696/1043/818
f 696/1018/818 695/990/690 686/1004/702
f 697/1021/723 711/1013/713 713/1010/819
f 713/1010/819 712/989/689 698/988/688
f 704/997/698 710/1063/758 716/1011/820
f 710/1063/758 706/1065/760 714/987/687
f 699/983/683 702/1061/756 709/1066/761
f 702/1061/756 698/988/688 706/1065/760
f 697/1021/723 703/1059/754 733/1100/821
f 733/1101/821 703/1144/754 699/983/683
f 685/985/685 687/1055/751 746/1102/822
f 746/1103/822 687/1143/751 684/1051/748
f 725/999/697 727/1012/770 753/1042/776
f 727/1104/770 724/1069/766 747/978/678
f 732/1024/724 733/1100/821 756/1105/821
f 733/1101/821 731/982/682 754/1007/677
f 704/997/698 734/1140/700 736/1107/822
f 736/1109/822 735/1006/704 705/981/681
f 717/995/696 723/1111/763 730/1110/768
f 723/1111/763 719/979/679 724/1069/766
f 718/1020/722 737/1023/725 743/1036/772
f 743/1112/772 739/980/680 719/979/679
f 745/1000/686 746/1102/822 736/1107/822
f 746/1103/822 744/1141/675 735/1006/704
f 677/1044/743 755/1151/726 756/1105/821
f 756/1106/821 754/977/677 678/976/676
f 739/980/680 742/1008/774 750/1075/777
f 742/1008/774 738/1008/705 748/1009/707
f 764/1019/721 770/1019/785 763/1018/781
f 770/1019/785 766/991/691 757/1077/779
f 765/1026/786 767/1080/784 777/1114/790
f 777/1114/790 767/1080/784 764/1035/721
f 785/998/799 791/1088/801 784/1115/795
f 784/1115/795 791/1088/801 787/1011/710
f 786/987/693 792/1089/804 798/1010/806
f 798/1010/806 794/1010/708 787/1011/710
f 799/1014/714 805/1094/810 797/1116/808
f 805/1094/810 801/1032/732 794/1010/708
f 801/1041/732 804/1041/812 781/1040/794
f 804/1041/812 800/994/695 779/1085/796
f 758/1016/718 806/1017/717 812/1095/814
f 812/1095/814 808/1042/736 759/1043/719
f 772/1082/791 774/1073/789 811/1034/816
f 774/1073/789 771/1033/734 808/1034/736
f 717/995/696 800/994/695 802/1093/811
f 720/1067/765 802/1067/811 799/1014/714
f 712/989/689 713/1010/819 795/1010/807
f 713/1010/819 711/1013/713 793/1015/715
f 780/1002/701 783/1012/798 729/1012/769
f 783/1040/798 779/1085/796 726/993/694
f 715/998/699 716/1011/820 788/1011/802
f 716/1011/820 714/987/687 786/987/693
f 766/991/691 769/1019/788 693/1019/817
f 769/1035/788 765/1026/786 692/1026/727
f 738/1008/705 740/1073/771 776/1073/793
f 740/1036/771 737/1028/725 773/1027/728
f 806/1017/717 749/1142/684 752/1042/778
f 809/1034/815 752/1034/778 748/1009/707
f 695/990/690 696/1018/818 760/1018/782
f 696/1043/818 694/1016/716 758/1016/718
f 816/1039/740 818/1152/832 815/1119/823
f 815/1119/823 818/1152/832 817/1019/720
f 817/1035/720 818/1153/832 821/1120/824
f 821/1121/824 818/1154/832 816/1039/740
f 825/1011/709 827/1155/826 824/1122/825
f 827/1123/826 826/1127/828 822/1029/729
f 828/1010/733 830/1126/827 827/1125/826
f 830/1126/827 829/1030/730 826/1127/828
f 831/1067/741 833/1156/829 830/1128/827
f 833/1129/829 832/1031/731 829/1030/730
f 832/1031/731 833/1132/829 824/1131/825
f 833/1132/829 831/1041/741 823/1040/711
f 834/1042/735 836/1157/830 815/1133/823
f 836/1134/830 835/1138/831 814/1037/738
f 820/1073/737 821/1137/824 836/1136/830
f 821/1137/824 819/1038/739 835/1138/831
f 737/1139/725 755/1151/726 677/1044/743
g Cube_Mesh
v 1.000000 1.000000 -1.000000
v 1.000000 -1.000000 -1.000000
v 1.000000 1.000000 1.000000
v 1.000000 -1.000000 1.000000
v -1.000000 1.000000 -1.000000
v -1.000000 -1.000000 -1.000000
v -1.000000 1.000000 1.000000
v -1.000000 -1.000000 1.000000
vn -0.0000 1.0000 -0.0000
vn -0.0000 -0.0000 1.0000
vn -1.0000 -0.0000 -0.0000
vn -0.0000 -1.0000 -0.0000
vn 1.0000 -0.0000 -0.0000
vn -0.0000 -0.0000 -1.0000
vt 0.875000 0.500000
vt 0.625000 0.750000
vt 0.625000 0.500000
vt 0.375000 1.000000
vt 0.375000 0.750000
vt 0.625000 0.000000
vt 0.375000 0.250000
vt 0.375000 0.000000
vt 0.375000 0.500000
vt 0.125000 0.750000
vt 0.125000 0.500000
vt 0.625000 0.250000
vt 0.875000 0.750000
vt 0.625000 1.000000
s 0
g Cube_Material
usemtl Material
f 841/1158/833 839/1159/833 837/1160/833
f 839/1159/834 844/1161/834 840/1162/834
f 843/1163/835 842/1164/835 844/1165/835
f 838/1166/836 844/1167/836 842/1168/836
f 837/1160/837 840/1162/837 838/1166/837
f 841/1169/838 838/1166/838 842/1164/838
f 841/1158/833 843/1170/833 839/1159/833
f 839/1159/834 843/1171/834 844/1161/834
f 843/1163/835 841/1169/835 842/1164/835
f 838/1166/836 840/1162/836 844/1167/836
f 837/1160/837 839/1159/837 840/1162/837
f 841/1169/838 837/1160/838 838/1166/838
